{
  "config": {
    "feature": {
      "config": {
        "feature": {
          "config": {
            "feature": {
              "config": {
                "can_replace": false,
                "project": false,
                "need_water": false,
                "xspread": 1,
                "yspread": 1,
                "zspread": 1,
                "whitelist": [],
                "blacklist": [],
                "tries": 10,
                "state_provider": {
                  "state": {
                    "Name": "minecraft:blue_orchid"
                  },
                  "type": "minecraft:simple_state_provider"
                },
                "block_placer": {
                  "type": "minecraft:simple_block_placer"
                }
              },
              "type": "minecraft:no_bonemeal_flower"
            },
            "decorator": {
              "config": {
                "noise_to_count_ratio": 10,
                "noise_factor": 240.0,
                "noise_offset": -0.45
              },
              "type": "minecraft:count_noise_biased"
            }
          },
          "type": "minecraft:decorated"
        },
        "decorator": {
          "config": {
            "outer": {
              "config": {},
              "type": "minecraft:square"
            },
            "inner": {
              "config": {},
              "type": "minecraft:heightmap"
            }
          },
          "type": "minecraft:decorated"
        }
      },
      "type": "minecraft:decorated"
    },
    "decorator": {
      "config": {
        "count": 4,
        "extra_chance": 0.2,
        "extra_count": 6
      },
      "type": "minecraft:count_extra"
    }
  },
  "type": "minecraft:decorated"
}