{
  "config": {
    "feature": {
      "config": {
        "feature": {
          "config": {
            "features": [
              {
                "feature": "mmb:jungle_cliffs/spike/medium",
                "chance": 0.1
              },
              {
                "feature": "mmb:jungle_cliffs/spike/short",
                "chance": 0.05
              },
              {
                "feature": "mmb:jungle_cliffs/cliff_0",
                "chance": 0.25
              },
              {
                "feature": "mmb:jungle_cliffs/cliff_1",
                "chance": 0.25
              },
              {
                "feature": "mmb:jungle_cliffs/cliff_2",
                "chance": 0.25
              }
            ],
            "default": {
              "config": {},
              "type": "minecraft:no_op"
            }
          },
          "type": "minecraft:random_selector"
        },
        "decorator": {
          "config": {
            "outer": {
              "config": {},
              "type": "minecraft:iceberg"
            },
            "inner": {
              "config": {},
              "type": "minecraft:top_solid_heightmap"
            }
          },
          "type": "minecraft:decorated"
        }
      },
      "type": "minecraft:decorated"
    },
    "decorator": {
      "config": {
        "chance": 1
      },
      "type": "minecraft:chance"
    }
  },
  "type": "minecraft:decorated"
}