{
  "config": {
    "feature": {
      "config": {
        "feature": {
          "config": {
            "target": {
              "Properties": {
                "axis": "y"
              },
              "Name": "minecraft:stripped_crimson_hyphae"
            },
            "state": {
              "Name": "minecraft:stone"
            },
            "radius": 64
          },
          "type": "minecraft:netherrack_replace_blobs"
        },
        "decorator": {
          "config": {
            "outer": {
              "config": {},
              "type": "minecraft:iceberg"
            },
            "inner": {
              "config": {},
              "type": "minecraft:heightmap"
            }
          },
          "type": "minecraft:decorated"
        }
      },
      "type": "minecraft:decorated"
    },
    "decorator": {
      "config": {
        "outer": {
          "config": {
            "count": 128
          },
          "type": "minecraft:count"
        },
        "inner": {
          "config": {
            "count": 2
          },
          "type": "minecraft:count"
        }
      },
      "type": "minecraft:decorated"
    }
  },
  "type": "minecraft:decorated"
}