{
  "config": {
    "feature": {
      "config": {
        "feature": {
          "config": {
            "features": [
              {
                "feature": {
                  "config": {
                    "max_water_depth": 0,
                    "ignore_vines": true,
                    "heightmap": "OCEAN_FLOOR",
                    "minimum_size": {
                      "limit": 1,
                      "lower_size": 1,
                      "upper_size": 1,
                      "type": "minecraft:two_layers_feature_size"
                    },
                    "decorators": [
                      {
                        "probability": 0.25,
                        "type": "minecraft:cocoa"
                      },
                      {
                        "type": "minecraft:leave_vine"
                      }
                    ],
                    "trunk_provider": {
                      "state": {
                        "Properties": {
                          "axis": "y"
                        },
                        "Name": "minecraft:jungle_log"
                      },
                      "type": "minecraft:simple_state_provider"
                    },
                    "leaves_provider": {
                      "state": {
                        "Properties": {
                          "persistent": "false",
                          "distance": "7"
                        },
                        "Name": "minecraft:jungle_leaves"
                      },
                      "type": "minecraft:simple_state_provider"
                    },
                    "foliage_placer": {
                      "radius": 2,
                      "offset": 1,
                      "height": 2,
                      "type": "minecraft:jungle_foliage_placer"
                    },
                    "trunk_placer": {
                      "base_height": 5,
                      "height_rand_a": 3,
                      "height_rand_b": 3,
                      "type": "minecraft:straight_trunk_placer"
                    }
                  },
                  "type": "minecraft:tree"
                },
                "chance": 0.35
              },
              {
                "feature": {
                  "config": {
                    "max_water_depth": 0,
                    "ignore_vines": false,
                    "heightmap": "OCEAN_FLOOR",
                    "minimum_size": {
                      "limit": 1,
                      "lower_size": 1,
                      "upper_size": 2,
                      "type": "minecraft:two_layers_feature_size"
                    },
                    "decorators": [
                      {
                        "type": "minecraft:trunk_vine"
                      },
                      {
                        "type": "minecraft:leave_vine"
                      }
                    ],
                    "trunk_provider": {
                      "state": {
                        "Properties": {
                          "axis": "y"
                        },
                        "Name": "minecraft:dark_oak_log"
                      },
                      "type": "minecraft:simple_state_provider"
                    },
                    "leaves_provider": {
                      "state": {
                        "Properties": {
                          "persistent": "false",
                          "distance": "7"
                        },
                        "Name": "minecraft:dark_oak_leaves"
                      },
                      "type": "minecraft:simple_state_provider"
                    },
                    "foliage_placer": {
                      "radius": 1,
                      "offset": 0,
                      "height": 2,
                      "type": "minecraft:jungle_foliage_placer"
                    },
                    "trunk_placer": {
                      "base_height": 8,
                      "height_rand_a": 5,
                      "height_rand_b": 5,
                      "type": "minecraft:mega_jungle_trunk_placer"
                    }
                  },
                  "type": "minecraft:tree"
                },
                "chance": 0.3
              },
              {
                "feature": {
                  "config": {
                    "max_water_depth": 0,
                    "ignore_vines": true,
                    "heightmap": "OCEAN_FLOOR",
                    "minimum_size": {
                      "limit": 1,
                      "lower_size": 1,
                      "upper_size": 0,
                      "type": "minecraft:two_layers_feature_size"
                    },
                    "decorators": [
                      {
                        "type": "minecraft:trunk_vine"
                      },
                      {
                        "type": "minecraft:leave_vine"
                      }
                    ],
                    "trunk_provider": {
                      "state": {
                        "Properties": {
                          "axis": "y"
                        },
                        "Name": "minecraft:jungle_log"
                      },
                      "type": "minecraft:simple_state_provider"
                    },
                    "leaves_provider": {
                      "state": {
                        "Properties": {
                          "persistent": "false",
                          "distance": "7"
                        },
                        "Name": "minecraft:jungle_leaves"
                      },
                      "type": "minecraft:simple_state_provider"
                    },
                    "foliage_placer": {
                      "radius": 2,
                      "offset": 0,
                      "height": 2,
                      "type": "minecraft:bush_foliage_placer"
                    },
                    "trunk_placer": {
                      "base_height": 2,
                      "height_rand_a": 1,
                      "height_rand_b": 1,
                      "type": "minecraft:straight_trunk_placer"
                    }
                  },
                  "type": "minecraft:tree"
                },
                "chance": 0.4
              },
              {
                "feature": {
                  "config": {
                    "max_water_depth": 0,
                    "ignore_vines": true,
                    "heightmap": "OCEAN_FLOOR",
                    "minimum_size": {
                      "limit": 1,
                      "lower_size": 1,
                      "upper_size": 1,
                      "type": "minecraft:two_layers_feature_size"
                    },
                    "decorators": [],
                    "trunk_provider": {
                      "state": {
                        "Properties": {
                          "west": "true",
                          "up": "false",
                          "south": "true",
                          "north": "true",
                          "east": "true",
                          "down": "false"
                        },
                        "Name": "minecraft:mushroom_stem"
                      },
                      "type": "minecraft:simple_state_provider"
                    },
                    "leaves_provider": {
                      "state": {
                        "Properties": {
                          "west": "true",
                          "up": "true",
                          "south": "true",
                          "north": "true",
                          "east": "true",
                          "down": "false"
                        },
                        "Name": "minecraft:brown_mushroom_block"
                      },
                      "type": "minecraft:simple_state_provider"
                    },
                    "foliage_placer": {
                      "radius": 2,
                      "offset": 0,
                      "type": "minecraft:acacia_foliage_placer"
                    },
                    "trunk_placer": {
                      "base_height": 3,
                      "height_rand_a": 0,
                      "height_rand_b": 0,
                      "type": "minecraft:straight_trunk_placer"
                    }
                  },
                  "type": "minecraft:tree"
                },
                "chance": 0.25
              },
              {
                "feature": {
                  "config": {
                    "max_water_depth": 0,
                    "ignore_vines": true,
                    "heightmap": "OCEAN_FLOOR",
                    "minimum_size": {
                      "limit": 1,
                      "lower_size": 1,
                      "upper_size": 0,
                      "type": "minecraft:two_layers_feature_size"
                    },
                    "decorators": [],
                    "trunk_provider": {
                      "state": {
                        "Properties": {
                          "west": "true",
                          "up": "false",
                          "south": "true",
                          "north": "true",
                          "east": "true",
                          "down": "false"
                        },
                        "Name": "minecraft:mushroom_stem"
                      },
                      "type": "minecraft:simple_state_provider"
                    },
                    "leaves_provider": {
                      "state": {
                        "Properties": {
                          "west": "true",
                          "up": "true",
                          "south": "true",
                          "north": "true",
                          "east": "true",
                          "down": "false"
                        },
                        "Name": "minecraft:red_mushroom_block"
                      },
                      "type": "minecraft:simple_state_provider"
                    },
                    "foliage_placer": {
                      "radius": 1,
                      "offset": 0,
                      "height": 3,
                      "type": "minecraft:fancy_foliage_placer"
                    },
                    "trunk_placer": {
                      "base_height": 3,
                      "height_rand_a": 0,
                      "height_rand_b": 0,
                      "type": "minecraft:straight_trunk_placer"
                    }
                  },
                  "type": "minecraft:tree"
                },
                "chance": 0.125
              }
            ],
            "default": {
              "config": {
                "max_water_depth": 0,
                "ignore_vines": true,
                "heightmap": "OCEAN_FLOOR",
                "minimum_size": {
                  "limit": 1,
                  "lower_size": 1,
                  "upper_size": 0,
                  "type": "minecraft:two_layers_feature_size"
                },
                "decorators": [
                  {
                    "type": "minecraft:trunk_vine"
                  },
                  {
                    "type": "minecraft:leave_vine"
                  }
                ],
                "trunk_provider": {
                  "state": {
                    "Properties": {
                      "axis": "y"
                    },
                    "Name": "minecraft:oak_log"
                  },
                  "type": "minecraft:simple_state_provider"
                },
                "leaves_provider": {
                  "state": {
                    "Properties": {
                      "persistent": "false",
                      "distance": "7"
                    },
                    "Name": "minecraft:oak_leaves"
                  },
                  "type": "minecraft:simple_state_provider"
                },
                "foliage_placer": {
                  "radius": 2,
                  "offset": 1,
                  "height": 2,
                  "type": "minecraft:blob_foliage_placer"
                },
                "trunk_placer": {
                  "base_height": 2,
                  "height_rand_a": 1,
                  "height_rand_b": 1,
                  "type": "minecraft:straight_trunk_placer"
                }
              },
              "type": "minecraft:tree"
            }
          },
          "type": "minecraft:random_selector"
        },
        "decorator": {
          "config": {
            "outer": {
              "config": {},
              "type": "minecraft:square"
            },
            "inner": {
              "config": {},
              "type": "minecraft:heightmap"
            }
          },
          "type": "minecraft:decorated"
        }
      },
      "type": "minecraft:decorated"
    },
    "decorator": {
      "config": {
        "count": 30
      },
      "type": "minecraft:count"
    }
  },
  "type": "minecraft:decorated"
}