{
  "config": {
    "feature": {
      "config": {
        "feature": {
          "config": {
            "feature": {
              "config": {
                "feature": {
                  "config": {
                    "state": {
                      "Properties": {
                        "level": "0"
                      },
                      "Name": "minecraft:water"
                    }
                  },
                  "type": "minecraft:lake"
                },
                "decorator": {
                  "config": {},
                  "type": "minecraft:heightmap_world_surface"
                }
              },
              "type": "minecraft:decorated"
            },
            "decorator": {
              "config": {},
              "type": "minecraft:iceberg"
            }
          },
          "type": "minecraft:decorated"
        },
        "decorator": {
          "config": {
            "outer": {
              "config": {
                "count": 128
              },
              "type": "minecraft:count"
            },
            "inner": {
              "config": {
                "count": 1
              },
              "type": "minecraft:count"
            }
          },
          "type": "minecraft:decorated"
        }
      },
      "type": "minecraft:decorated"
    },
    "decorator": {
      "config": {
        "noise_to_count_ratio": -1,
        "noise_factor": 7.0,
        "noise_offset": 0.4
      },
      "type": "minecraft:count_noise_biased"
    }
  },
  "type": "minecraft:decorated"
}