{
  "config": {
    "feature": {
      "config": {
        "feature": {
          "config": {
            "feature": {
              "config": {
                "target": {
                  "block": "minecraft:grass_block",
                  "probability": 0.5,
                  "predicate_type": "minecraft:random_block_match"
                },
                "state": {
                  "Name": "minecraft:red_sand"
                },
                "size": 40
              },
              "type": "minecraft:ore"
            },
            "decorator": {
              "config": {
                "outer": {
                  "config": {},
                  "type": "minecraft:square"
                },
                "inner": {
                  "config": {},
                  "type": "minecraft:heightmap_world_surface"
                }
              },
              "type": "minecraft:decorated"
            }
          },
          "type": "minecraft:decorated"
        },
        "decorator": {
          "config": {
            "chance": 10
          },
          "type": "minecraft:chance"
        }
      },
      "type": "minecraft:decorated"
    },
    "decorator": {
      "config": {
        "noise_to_count_ratio": -60,
        "noise_factor": 240.0,
        "noise_offset": 0.2
      },
      "type": "minecraft:count_noise_biased"
    }
  },
  "type": "minecraft:decorated"
}