{
  "config": {
    "feature": {
      "config": {
        "feature": {
          "config": {
            "feature": {
              "config": {
                "features": [
                  {
                    "feature": "mmb:jungle_cliffs/spike/short",
                    "chance": 0.25
                  },
                  {
                    "feature": "mmb:jungle_cliffs/spike/tall",
                    "chance": 0.15
                  }
                ],
                "default": "mmb:jungle_cliffs/spike/medium"
              },
              "type": "minecraft:random_selector"
            },
            "decorator": {
              "config": {
                "outer": {
                  "config": {
                    "chance": 20
                  },
                  "type": "minecraft:chance"
                },
                "inner": {
                  "config": {
                    "noise_to_count_ratio": -1,
                    "noise_factor": 240.0,
                    "noise_offset": -0.35
                  },
                  "type": "minecraft:count_noise_biased"
                }
              },
              "type": "minecraft:decorated"
            }
          },
          "type": "minecraft:decorated"
        },
        "decorator": {
          "config": {
            "outer": {
              "config": {},
              "type": "minecraft:square"
            },
            "inner": {
              "config": {},
              "type": "minecraft:top_solid_heightmap"
            }
          },
          "type": "minecraft:decorated"
        }
      },
      "type": "minecraft:decorated"
    },
    "decorator": {
      "config": {
        "noise_to_count_ratio": -10,
        "noise_factor": 240.0,
        "noise_offset": -0.4
      },
      "type": "minecraft:count_noise_biased"
    }
  },
  "type": "minecraft:decorated"
}