{
  "config": {
    "feature": {
      "config": {
        "feature": {
          "config": {
            "feature": {
              "config": {
                "target": {
                  "block": "minecraft:stripped_warped_hyphae",
                  "predicate_type": "minecraft:block_match"
                },
                "state": {
                  "Properties": {
                    "level": "0"
                  },
                  "Name": "minecraft:water"
                },
                "size": 20
              },
              "type": "minecraft:no_surface_ore"
            },
            "decorator": {
              "config": {
                "outer": {
                  "config": {},
                  "type": "minecraft:iceberg"
                },
                "inner": {
                  "config": {},
                  "type": "minecraft:heightmap"
                }
              },
              "type": "minecraft:decorated"
            }
          },
          "type": "minecraft:decorated"
        },
        "decorator": {
          "config": {
            "outer": {
              "config": {
                "count": 128
              },
              "type": "minecraft:count"
            },
            "inner": {
              "config": {
                "count": 8
              },
              "type": "minecraft:count"
            }
          },
          "type": "minecraft:decorated"
        }
      },
      "type": "minecraft:decorated"
    },
    "decorator": {
      "config": {
        "noise_to_count_ratio": -1,
        "noise_factor": 3.0,
        "noise_offset": 0.85
      },
      "type": "minecraft:count_noise_biased"
    }
  },
  "type": "minecraft:decorated"
}