{
  "config": {
    "feature": {
      "config": {
        "feature": {
          "config": {
            "feature": {
              "config": {
                "can_replace": false,
                "project": false,
                "need_water": true,
                "xspread": 3,
                "yspread": 1,
                "zspread": 3,
                "whitelist": [],
                "blacklist": [],
                "tries": 3,
                "state_provider": {
                  "state": {
                    "Properties": {
                      "age": "0"
                    },
                    "Name": "minecraft:sugar_cane"
                  },
                  "type": "minecraft:simple_state_provider"
                },
                "block_placer": {
                  "min_size": 2,
                  "extra_size": 2,
                  "type": "minecraft:column_placer"
                }
              },
              "type": "minecraft:random_patch"
            },
            "decorator": {
              "config": {
                "outer": {
                  "config": {},
                  "type": "minecraft:square"
                },
                "inner": {
                  "config": {},
                  "type": "minecraft:heightmap"
                }
              },
              "type": "minecraft:decorated"
            }
          },
          "type": "minecraft:decorated"
        },
        "decorator": {
          "config": {
            "count": 32
          },
          "type": "minecraft:count"
        }
      },
      "type": "minecraft:decorated"
    },
    "decorator": {
      "config": {
        "noise_to_count_ratio": -1,
        "noise_factor": 3.0,
        "noise_offset": 0.85
      },
      "type": "minecraft:count_noise_biased"
    }
  },
  "type": "minecraft:decorated"
}