{
  "config": {
    "feature": {
      "config": {
        "feature": {
          "config": {
            "feature": {
              "config": {
                "feature": {
                  "config": {
                    "can_replace": false,
                    "project": false,
                    "need_water": false,
                    "xspread": 4,
                    "yspread": 0,
                    "zspread": 4,
                    "whitelist": [],
                    "blacklist": [],
                    "tries": 2,
                    "state_provider": {
                      "state": {
                        "Properties": {
                          "age": "0"
                        },
                        "Name": "minecraft:cactus"
                      },
                      "type": "minecraft:simple_state_provider"
                    },
                    "block_placer": {
                      "min_size": 2,
                      "extra_size": 2,
                      "type": "minecraft:column_placer"
                    }
                  },
                  "type": "minecraft:random_patch"
                },
                "decorator": {
                  "config": {
                    "outer": {
                      "config": {},
                      "type": "minecraft:iceberg"
                    },
                    "inner": {
                      "config": {},
                      "type": "minecraft:heightmap"
                    }
                  },
                  "type": "minecraft:decorated"
                }
              },
              "type": "minecraft:decorated"
            },
            "decorator": {
              "config": {
                "count": 8
              },
              "type": "minecraft:count"
            }
          },
          "type": "minecraft:decorated"
        },
        "decorator": {
          "config": {
            "noise_to_count_ratio": 1,
            "noise_factor": 3.0,
            "noise_offset": 0.85
          },
          "type": "minecraft:count_noise_biased"
        }
      },
      "type": "minecraft:decorated"
    },
    "decorator": {
      "config": {
        "noise_to_count_ratio": -1,
        "noise_factor": 3.0,
        "noise_offset": 0.7
      },
      "type": "minecraft:count_noise_biased"
    }
  },
  "type": "minecraft:decorated"
}