{
  "config": {
    "feature": {
      "config": {
        "feature": {
          "config": {
            "target": {
              "block": "minecraft:sand",
              "probability": 0.75,
              "predicate_type": "minecraft:random_block_match"
            },
            "state": {
              "Properties": {
                "snowy": "false"
              },
              "Name": "minecraft:grass_block"
            },
            "size": 24
          },
          "type": "minecraft:ore"
        },
        "decorator": {
          "config": {
            "outer": {
              "config": {},
              "type": "minecraft:square"
            },
            "inner": {
              "config": {},
              "type": "minecraft:heightmap"
            }
          },
          "type": "minecraft:decorated"
        }
      },
      "type": "minecraft:decorated"
    },
    "decorator": {
      "config": {
        "count": {
          "base": 6,
          "spread": 6
        }
      },
      "type": "minecraft:count"
    }
  },
  "type": "minecraft:decorated"
}