{
  "config": {
    "feature": {
      "config": {
        "feature": {
          "config": {
            "feature": {
              "config": {
                "features": [
                  {
                    "config": {
                      "target": {
                        "block": "minecraft:sand",
                        "predicate_type": "minecraft:block_match"
                      },
                      "state": {
                        "Name": "minecraft:coarse_dirt"
                      },
                      "size": 16
                    },
                    "type": "minecraft:ore"
                  },
                  {
                    "config": {
                      "feature": {
                        "config": {
                          "features": [
                            {
                              "config": {
                                "max_water_depth": 0,
                                "ignore_vines": true,
                                "heightmap": "OCEAN_FLOOR_WG",
                                "minimum_size": {
                                  "middle_size": 0,
                                  "upper_size": 0,
                                  "limit": 0,
                                  "upper_limit": 0,
                                  "lower_size": 0,
                                  "type": "minecraft:three_layers_feature_size"
                                },
                                "decorators": [],
                                "trunk_provider": {
                                  "state": {
                                    "Properties": {
                                      "axis": "y"
                                    },
                                    "Name": "minecraft:stripped_crimson_hyphae"
                                  },
                                  "type": "minecraft:simple_state_provider"
                                },
                                "leaves_provider": {
                                  "state": {
                                    "Properties": {
                                      "axis": "y"
                                    },
                                    "Name": "minecraft:stripped_crimson_hyphae"
                                  },
                                  "type": "minecraft:simple_state_provider"
                                },
                                "foliage_placer": {
                                  "radius": 3,
                                  "offset": 0,
                                  "height": 5,
                                  "type": "minecraft:fancy_foliage_placer"
                                },
                                "trunk_placer": {
                                  "base_height": 1,
                                  "height_rand_a": 0,
                                  "height_rand_b": 0,
                                  "type": "minecraft:straight_trunk_placer"
                                }
                              },
                              "type": "minecraft:tree"
                            },
                            {
                              "config": {
                                "max_water_depth": 0,
                                "ignore_vines": true,
                                "heightmap": "OCEAN_FLOOR_WG",
                                "minimum_size": {
                                  "middle_size": 0,
                                  "upper_size": 0,
                                  "limit": 0,
                                  "upper_limit": 0,
                                  "lower_size": 0,
                                  "type": "minecraft:three_layers_feature_size"
                                },
                                "decorators": [],
                                "trunk_provider": {
                                  "state": {
                                    "Properties": {
                                      "axis": "y"
                                    },
                                    "Name": "minecraft:stripped_crimson_hyphae"
                                  },
                                  "type": "minecraft:simple_state_provider"
                                },
                                "leaves_provider": {
                                  "state": {
                                    "Properties": {
                                      "axis": "y"
                                    },
                                    "Name": "minecraft:stripped_crimson_hyphae"
                                  },
                                  "type": "minecraft:simple_state_provider"
                                },
                                "foliage_placer": {
                                  "radius": 2,
                                  "offset": 0,
                                  "height": 5,
                                  "type": "minecraft:fancy_foliage_placer"
                                },
                                "trunk_placer": {
                                  "base_height": 3,
                                  "height_rand_a": 0,
                                  "height_rand_b": 0,
                                  "type": "minecraft:straight_trunk_placer"
                                }
                              },
                              "type": "minecraft:tree"
                            },
                            {
                              "config": {
                                "max_water_depth": 0,
                                "ignore_vines": true,
                                "heightmap": "OCEAN_FLOOR_WG",
                                "minimum_size": {
                                  "middle_size": 0,
                                  "upper_size": 0,
                                  "limit": 0,
                                  "upper_limit": 0,
                                  "lower_size": 0,
                                  "type": "minecraft:three_layers_feature_size"
                                },
                                "decorators": [],
                                "trunk_provider": {
                                  "state": {
                                    "Properties": {
                                      "axis": "y"
                                    },
                                    "Name": "minecraft:stripped_crimson_hyphae"
                                  },
                                  "type": "minecraft:simple_state_provider"
                                },
                                "leaves_provider": {
                                  "state": {
                                    "Properties": {
                                      "axis": "y"
                                    },
                                    "Name": "minecraft:stripped_crimson_hyphae"
                                  },
                                  "type": "minecraft:simple_state_provider"
                                },
                                "foliage_placer": {
                                  "radius": 1,
                                  "offset": 0,
                                  "height": 16,
                                  "type": "minecraft:fancy_foliage_placer"
                                },
                                "trunk_placer": {
                                  "base_height": 16,
                                  "height_rand_a": 0,
                                  "height_rand_b": 0,
                                  "type": "minecraft:straight_trunk_placer"
                                }
                              },
                              "type": "minecraft:tree"
                            },
                            {
                              "config": {
                                "max_water_depth": 0,
                                "ignore_vines": true,
                                "heightmap": "OCEAN_FLOOR_WG",
                                "minimum_size": {
                                  "middle_size": 0,
                                  "upper_size": 0,
                                  "limit": 0,
                                  "upper_limit": 0,
                                  "lower_size": 0,
                                  "type": "minecraft:three_layers_feature_size"
                                },
                                "decorators": [],
                                "trunk_provider": {
                                  "state": {
                                    "Properties": {
                                      "axis": "y"
                                    },
                                    "Name": "minecraft:stripped_crimson_hyphae"
                                  },
                                  "type": "minecraft:simple_state_provider"
                                },
                                "leaves_provider": {
                                  "state": {
                                    "Properties": {
                                      "axis": "y"
                                    },
                                    "Name": "minecraft:stripped_crimson_hyphae"
                                  },
                                  "type": "minecraft:simple_state_provider"
                                },
                                "foliage_placer": {
                                  "radius": 2,
                                  "offset": 0,
                                  "height": 1,
                                  "type": "minecraft:blob_foliage_placer"
                                },
                                "trunk_placer": {
                                  "base_height": 5,
                                  "height_rand_a": 10,
                                  "height_rand_b": 0,
                                  "type": "minecraft:straight_trunk_placer"
                                }
                              },
                              "type": "minecraft:tree"
                            },
                            {
                              "config": {
                                "max_water_depth": 0,
                                "ignore_vines": true,
                                "heightmap": "OCEAN_FLOOR_WG",
                                "minimum_size": {
                                  "middle_size": 0,
                                  "upper_size": 0,
                                  "limit": 0,
                                  "upper_limit": 0,
                                  "lower_size": 0,
                                  "type": "minecraft:three_layers_feature_size"
                                },
                                "decorators": [],
                                "trunk_provider": {
                                  "state": {
                                    "Properties": {
                                      "axis": "y"
                                    },
                                    "Name": "minecraft:stripped_crimson_hyphae"
                                  },
                                  "type": "minecraft:simple_state_provider"
                                },
                                "leaves_provider": {
                                  "state": {
                                    "Properties": {
                                      "axis": "y"
                                    },
                                    "Name": "minecraft:stripped_warped_hyphae"
                                  },
                                  "type": "minecraft:simple_state_provider"
                                },
                                "foliage_placer": {
                                  "radius": 3,
                                  "offset": 0,
                                  "height": 4,
                                  "type": "minecraft:fancy_foliage_placer"
                                },
                                "trunk_placer": {
                                  "base_height": 16,
                                  "height_rand_a": 0,
                                  "height_rand_b": 0,
                                  "type": "minecraft:straight_trunk_placer"
                                }
                              },
                              "type": "minecraft:tree"
                            },
                            {
                              "config": {
                                "max_water_depth": 0,
                                "ignore_vines": true,
                                "heightmap": "OCEAN_FLOOR_WG",
                                "minimum_size": {
                                  "middle_size": 0,
                                  "upper_size": 0,
                                  "limit": 0,
                                  "upper_limit": 0,
                                  "lower_size": 0,
                                  "type": "minecraft:three_layers_feature_size"
                                },
                                "decorators": [],
                                "trunk_provider": {
                                  "state": {
                                    "Properties": {
                                      "axis": "y"
                                    },
                                    "Name": "minecraft:stripped_crimson_hyphae"
                                  },
                                  "type": "minecraft:simple_state_provider"
                                },
                                "leaves_provider": {
                                  "state": {
                                    "Properties": {
                                      "axis": "y"
                                    },
                                    "Name": "minecraft:stripped_warped_hyphae"
                                  },
                                  "type": "minecraft:simple_state_provider"
                                },
                                "foliage_placer": {
                                  "radius": 4,
                                  "offset": 0,
                                  "height": 4,
                                  "type": "minecraft:fancy_foliage_placer"
                                },
                                "trunk_placer": {
                                  "base_height": 18,
                                  "height_rand_a": 0,
                                  "height_rand_b": 0,
                                  "type": "minecraft:straight_trunk_placer"
                                }
                              },
                              "type": "minecraft:tree"
                            }
                          ]
                        },
                        "type": "minecraft:simple_random_selector"
                      },
                      "decorator": {
                        "config": {
                          "count": 2
                        },
                        "type": "minecraft:count"
                      }
                    },
                    "type": "minecraft:decorated"
                  }
                ]
              },
              "type": "minecraft:simple_random_selector"
            },
            "decorator": {
              "config": {
                "count": 64
              },
              "type": "minecraft:count"
            }
          },
          "type": "minecraft:decorated"
        },
        "decorator": {
          "config": {
            "outer": {
              "config": {},
              "type": "minecraft:iceberg"
            },
            "inner": {
              "config": {},
              "type": "minecraft:heightmap_world_surface"
            }
          },
          "type": "minecraft:decorated"
        }
      },
      "type": "minecraft:decorated"
    },
    "decorator": {
      "config": {
        "noise_to_count_ratio": -1,
        "noise_factor": 3.0,
        "noise_offset": 0.7
      },
      "type": "minecraft:count_noise_biased"
    }
  },
  "type": "minecraft:decorated"
}