{
  "config": {
    "feature": {
      "config": {
        "feature": {
          "config": {
            "feature": {
              "config": {
                "can_replace": true,
                "project": false,
                "need_water": false,
                "xspread": 0,
                "yspread": 0,
                "zspread": 0,
                "whitelist": [
                  {
                    "Name": "minecraft:smooth_sandstone"
                  }
                ],
                "blacklist": [],
                "tries": 1,
                "state_provider": {
                  "state": {
                    "Name": "minecraft:sand"
                  },
                  "type": "minecraft:simple_state_provider"
                },
                "block_placer": {
                  "type": "minecraft:simple_block_placer"
                }
              },
              "type": "minecraft:random_patch"
            },
            "decorator": {
              "config": {
                "outer": {
                  "config": {},
                  "type": "minecraft:square"
                },
                "inner": {
                  "config": {},
                  "type": "minecraft:heightmap"
                }
              },
              "type": "minecraft:decorated"
            }
          },
          "type": "minecraft:decorated"
        },
        "decorator": {
          "config": {
            "outer": {
              "config": {
                "count": 128
              },
              "type": "minecraft:count"
            },
            "inner": {
              "config": {
                "count": 18
              },
              "type": "minecraft:count"
            }
          },
          "type": "minecraft:decorated"
        }
      },
      "type": "minecraft:decorated"
    },
    "decorator": {
      "config": {
        "noise_to_count_ratio": 1,
        "noise_factor": 3.0,
        "noise_offset": -0.4
      },
      "type": "minecraft:count_noise_biased"
    }
  },
  "type": "minecraft:decorated"
}