{
  "config": {
    "feature": {
      "config": {
        "feature": {
          "config": {
            "target": {
              "Name": "minecraft:sandstone"
            },
            "state": {
              "Name": "minecraft:smooth_sandstone"
            },
            "radius": 32
          },
          "type": "minecraft:netherrack_replace_blobs"
        },
        "decorator": {
          "config": {
            "outer": {
              "config": {},
              "type": "minecraft:square"
            },
            "inner": {
              "config": {},
              "type": "minecraft:heightmap"
            }
          },
          "type": "minecraft:decorated"
        }
      },
      "type": "minecraft:decorated"
    },
    "decorator": {
      "config": {
        "outer": {
          "config": {
            "count": 128
          },
          "type": "minecraft:count"
        },
        "inner": {
          "config": {
            "count": 4
          },
          "type": "minecraft:count"
        }
      },
      "type": "minecraft:decorated"
    }
  },
  "type": "minecraft:decorated"
}