{
  "config": {
    "feature": {
      "config": {
        "feature": {
          "config": {
            "feature": {
              "config": {
                "feature": "mmb:overgrown_sands/sandstone_spike",
                "decorator": {
                  "config": {},
                  "type": "minecraft:heightmap"
                }
              },
              "type": "minecraft:decorated"
            },
            "decorator": {
              "config": {
                "count": 1,
                "extra_chance": 0.75,
                "extra_count": 1
              },
              "type": "minecraft:count_extra"
            }
          },
          "type": "minecraft:decorated"
        },
        "decorator": {
          "config": {},
          "type": "minecraft:iceberg"
        }
      },
      "type": "minecraft:decorated"
    },
    "decorator": {
      "config": {
        "noise_to_count_ratio": 1,
        "noise_factor": 3.0,
        "noise_offset": -0.4
      },
      "type": "minecraft:count_noise_biased"
    }
  },
  "type": "minecraft:decorated"
}