{
  "config": {
    "feature": {
      "config": {
        "feature": {
          "config": {
            "feature": {
              "config": {
                "feature": {
                  "config": {
                    "feature": {
                      "config": {
                        "max_water_depth": 0,
                        "ignore_vines": true,
                        "heightmap": "OCEAN_FLOOR_WG",
                        "minimum_size": {
                          "limit": 0,
                          "lower_size": 0,
                          "upper_size": 0,
                          "min_clipped_height": 0,
                          "type": "minecraft:two_layers_feature_size"
                        },
                        "decorators": [],
                        "trunk_provider": {
                          "state": {
                            "Properties": {
                              "axis": "y"
                            },
                            "Name": "minecraft:oak_log"
                          },
                          "type": "minecraft:simple_state_provider"
                        },
                        "leaves_provider": {
                          "state": {
                            "Properties": {
                              "persistent": "false",
                              "distance": "1"
                            },
                            "Name": "minecraft:oak_leaves"
                          },
                          "type": "minecraft:simple_state_provider"
                        },
                        "foliage_placer": {
                          "radius": 2,
                          "offset": 0,
                          "height": 1,
                          "type": "minecraft:blob_foliage_placer"
                        },
                        "trunk_placer": {
                          "base_height": 6,
                          "height_rand_a": 4,
                          "height_rand_b": 3,
                          "type": "minecraft:straight_trunk_placer"
                        }
                      },
                      "type": "minecraft:tree"
                    },
                    "decorator": {
                      "config": {
                        "count": {
                          "base": 2,
                          "spread": 4
                        }
                      },
                      "type": "minecraft:count"
                    }
                  },
                  "type": "minecraft:decorated"
                },
                "decorator": {
                  "config": {},
                  "type": "minecraft:square"
                }
              },
              "type": "minecraft:decorated"
            },
            "decorator": {
              "config": {
                "count": 2,
                "extra_chance": 0.6,
                "extra_count": -1
              },
              "type": "minecraft:count_extra"
            }
          },
          "type": "minecraft:decorated"
        },
        "decorator": {
          "config": {
            "noise_to_count_ratio": 1,
            "noise_factor": 3.0,
            "noise_offset": 0.4
          },
          "type": "minecraft:count_noise_biased"
        }
      },
      "type": "minecraft:decorated"
    },
    "decorator": {
      "config": {
        "noise_to_count_ratio": -1,
        "noise_factor": 3.0,
        "noise_offset": -0.4
      },
      "type": "minecraft:count_noise_biased"
    }
  },
  "type": "minecraft:decorated"
}