{
  "config": {
    "feature": {
      "config": {
        "feature": {
          "config": {
            "feature": {
              "config": {
                "can_replace": false,
                "project": false,
                "need_water": false,
                "xspread": 7,
                "yspread": 5,
                "zspread": 7,
                "whitelist": [
                  {
                    "Properties": {
                      "snowy": "false"
                    },
                    "Name": "minecraft:grass_block"
                  }
                ],
                "blacklist": [],
                "tries": 1,
                "state_provider": {
                  "entries": [
                    {
                      "weight": 1,
                      "data": {
                        "Properties": {
                          "age": "3"
                        },
                        "Name": "minecraft:sweet_berry_bush"
                      }
                    },
                    {
                      "weight": 5,
                      "data": {
                        "Properties": {
                          "age": "2"
                        },
                        "Name": "minecraft:sweet_berry_bush"
                      }
                    },
                    {
                      "weight": 16,
                      "data": {
                        "Properties": {
                          "age": "1"
                        },
                        "Name": "minecraft:sweet_berry_bush"
                      }
                    },
                    {
                      "weight": 10,
                      "data": {
                        "Properties": {
                          "age": "0"
                        },
                        "Name": "minecraft:sweet_berry_bush"
                      }
                    }
                  ],
                  "type": "minecraft:weighted_state_provider"
                },
                "block_placer": {
                  "type": "minecraft:simple_block_placer"
                }
              },
              "type": "minecraft:random_patch"
            },
            "decorator": {
              "config": {
                "count": 40
              },
              "type": "minecraft:count"
            }
          },
          "type": "minecraft:decorated"
        },
        "decorator": {
          "config": {
            "outer": {
              "config": {},
              "type": "minecraft:square"
            },
            "inner": {
              "config": {
                "bottom_offset": 65,
                "top_offset": 0,
                "maximum": 40
              },
              "type": "minecraft:range"
            }
          },
          "type": "minecraft:decorated"
        }
      },
      "type": "minecraft:decorated"
    },
    "decorator": {
      "config": {
        "count": 0,
        "extra_chance": 0.75,
        "extra_count": 1
      },
      "type": "minecraft:count_extra"
    }
  },
  "type": "minecraft:decorated"
}