{
  "config": {
    "feature": {
      "config": {
        "max_water_depth": 0,
        "ignore_vines": true,
        "heightmap": "OCEAN_FLOOR",
        "minimum_size": {
          "limit": 1,
          "lower_size": 0,
          "upper_size": 2,
          "type": "minecraft:two_layers_feature_size"
        },
        "decorators": [],
        "trunk_provider": {
          "state": {
            "Properties": {
              "axis": "y"
            },
            "Name": "minecraft:spruce_log"
          },
          "type": "minecraft:simple_state_provider"
        },
        "leaves_provider": {
          "state": {
            "Properties": {
              "persistent": "false",
              "distance": "7"
            },
            "Name": "minecraft:spruce_leaves"
          },
          "type": "minecraft:simple_state_provider"
        },
        "foliage_placer": {
          "radius": 1,
          "offset": {
            "base": 1,
            "spread": 1
          },
          "crown_height": {
            "base": 8,
            "spread": 2
          },
          "type": "minecraft:mega_pine_foliage_placer"
        },
        "trunk_placer": {
          "base_height": 9,
          "height_rand_a": 1,
          "height_rand_b": 1,
          "type": "minecraft:straight_trunk_placer"
        }
      },
      "type": "minecraft:tree"
    },
    "decorator": {
      "config": {
        "outer": {
          "config": {},
          "type": "minecraft:iceberg"
        },
        "inner": {
          "config": {},
          "type": "minecraft:heightmap"
        }
      },
      "type": "minecraft:decorated"
    }
  },
  "type": "minecraft:decorated"
}