{
  "config": {
    "feature": {
      "config": {
        "feature": {
          "config": {
            "features": [
              {
                "config": {
                  "target": {
                    "Properties": {
                      "axis": "y"
                    },
                    "Name": "minecraft:acacia_log"
                  },
                  "state": {
                    "Properties": {
                      "axis": "y"
                    },
                    "Name": "minecraft:stripped_crimson_hyphae"
                  },
                  "radius": 3
                },
                "type": "minecraft:netherrack_replace_blobs"
              },
              {
                "config": {
                  "feature": {
                    "config": {
                      "features": [
                        {
                          "config": {
                            "can_replace": true,
                            "project": false,
                            "need_water": false,
                            "xspread": 2,
                            "yspread": 2,
                            "zspread": 0,
                            "whitelist": [],
                            "blacklist": [],
                            "tries": 25,
                            "state_provider": {
                              "state": {
                                "Name": "minecraft:void_air"
                              },
                              "type": "minecraft:simple_state_provider"
                            },
                            "block_placer": {
                              "type": "minecraft:simple_block_placer"
                            }
                          },
                          "type": "minecraft:random_patch"
                        },
                        {
                          "config": {
                            "can_replace": true,
                            "project": false,
                            "need_water": false,
                            "xspread": 0,
                            "yspread": 2,
                            "zspread": 2,
                            "whitelist": [],
                            "blacklist": [],
                            "tries": 25,
                            "state_provider": {
                              "state": {
                                "Name": "minecraft:void_air"
                              },
                              "type": "minecraft:simple_state_provider"
                            },
                            "block_placer": {
                              "type": "minecraft:simple_block_placer"
                            }
                          },
                          "type": "minecraft:random_patch"
                        },
                        {
                          "config": {
                            "can_replace": true,
                            "project": false,
                            "need_water": false,
                            "xspread": 1,
                            "yspread": 3,
                            "zspread": 0,
                            "whitelist": [],
                            "blacklist": [],
                            "tries": 21,
                            "state_provider": {
                              "state": {
                                "Name": "minecraft:void_air"
                              },
                              "type": "minecraft:simple_state_provider"
                            },
                            "block_placer": {
                              "type": "minecraft:simple_block_placer"
                            }
                          },
                          "type": "minecraft:random_patch"
                        },
                        {
                          "config": {
                            "can_replace": true,
                            "project": false,
                            "need_water": false,
                            "xspread": 0,
                            "yspread": 4,
                            "zspread": 1,
                            "whitelist": [],
                            "blacklist": [],
                            "tries": 27,
                            "state_provider": {
                              "state": {
                                "Name": "minecraft:void_air"
                              },
                              "type": "minecraft:simple_state_provider"
                            },
                            "block_placer": {
                              "type": "minecraft:simple_block_placer"
                            }
                          },
                          "type": "minecraft:random_patch"
                        }
                      ]
                    },
                    "type": "minecraft:simple_random_selector"
                  },
                  "decorator": {
                    "config": {
                      "count": 20
                    },
                    "type": "minecraft:count"
                  }
                },
                "type": "minecraft:decorated"
              },
              {
                "config": {
                  "feature": {
                    "config": {
                      "features": [
                        {
                          "config": {
                            "can_replace": true,
                            "project": false,
                            "need_water": false,
                            "xspread": 1,
                            "yspread": 1,
                            "zspread": 0,
                            "whitelist": [],
                            "blacklist": [],
                            "tries": 9,
                            "state_provider": {
                              "state": {
                                "Properties": {
                                  "axis": "y"
                                },
                                "Name": "minecraft:stripped_crimson_hyphae"
                              },
                              "type": "minecraft:simple_state_provider"
                            },
                            "block_placer": {
                              "type": "minecraft:simple_block_placer"
                            }
                          },
                          "type": "minecraft:random_patch"
                        },
                        {
                          "config": {
                            "can_replace": true,
                            "project": false,
                            "need_water": false,
                            "xspread": 0,
                            "yspread": 1,
                            "zspread": 1,
                            "whitelist": [],
                            "blacklist": [],
                            "tries": 9,
                            "state_provider": {
                              "state": {
                                "Properties": {
                                  "axis": "y"
                                },
                                "Name": "minecraft:stripped_crimson_hyphae"
                              },
                              "type": "minecraft:simple_state_provider"
                            },
                            "block_placer": {
                              "type": "minecraft:simple_block_placer"
                            }
                          },
                          "type": "minecraft:random_patch"
                        },
                        {
                          "config": {
                            "can_replace": true,
                            "project": false,
                            "need_water": false,
                            "xspread": 0,
                            "yspread": 3,
                            "zspread": 0,
                            "whitelist": [],
                            "blacklist": [],
                            "tries": 7,
                            "state_provider": {
                              "state": {
                                "Properties": {
                                  "axis": "y"
                                },
                                "Name": "minecraft:stripped_crimson_hyphae"
                              },
                              "type": "minecraft:simple_state_provider"
                            },
                            "block_placer": {
                              "type": "minecraft:simple_block_placer"
                            }
                          },
                          "type": "minecraft:random_patch"
                        }
                      ]
                    },
                    "type": "minecraft:simple_random_selector"
                  },
                  "decorator": {
                    "config": {
                      "count": 20
                    },
                    "type": "minecraft:count"
                  }
                },
                "type": "minecraft:decorated"
              },
              {
                "config": {
                  "features": [
                    {
                      "feature": {
                        "config": {
                          "max_water_depth": 5,
                          "ignore_vines": true,
                          "heightmap": "OCEAN_FLOOR_WG",
                          "minimum_size": {
                            "middle_size": 0,
                            "upper_size": 0,
                            "limit": 0,
                            "upper_limit": 0,
                            "lower_size": 0,
                            "type": "minecraft:three_layers_feature_size"
                          },
                          "decorators": [
                            {
                              "type": "minecraft:leave_vine"
                            }
                          ],
                          "trunk_provider": {
                            "state": {
                              "Properties": {
                                "axis": "y"
                              },
                              "Name": "minecraft:acacia_log"
                            },
                            "type": "minecraft:simple_state_provider"
                          },
                          "leaves_provider": {
                            "state": {
                              "Properties": {
                                "persistent": "false",
                                "distance": "1"
                              },
                              "Name": "minecraft:acacia_leaves"
                            },
                            "type": "minecraft:simple_state_provider"
                          },
                          "foliage_placer": {
                            "radius": {
                              "base": 2,
                              "spread": 1
                            },
                            "offset": 1,
                            "height": 2,
                            "type": "minecraft:fancy_foliage_placer"
                          },
                          "trunk_placer": {
                            "base_height": 11,
                            "height_rand_a": 3,
                            "height_rand_b": 3,
                            "type": "minecraft:forking_trunk_placer"
                          }
                        },
                        "type": "minecraft:tree"
                      },
                      "chance": 0.35
                    }
                  ],
                  "default": {
                    "config": {
                      "max_water_depth": 5,
                      "ignore_vines": true,
                      "heightmap": "OCEAN_FLOOR_WG",
                      "minimum_size": {
                        "middle_size": 0,
                        "upper_size": 0,
                        "limit": 0,
                        "upper_limit": 0,
                        "lower_size": 0,
                        "type": "minecraft:three_layers_feature_size"
                      },
                      "decorators": [],
                      "trunk_provider": {
                        "state": {
                          "Properties": {
                            "axis": "y"
                          },
                          "Name": "minecraft:acacia_log"
                        },
                        "type": "minecraft:simple_state_provider"
                      },
                      "leaves_provider": {
                        "state": {
                          "Properties": {
                            "persistent": "false",
                            "distance": "1"
                          },
                          "Name": "minecraft:acacia_leaves"
                        },
                        "type": "minecraft:simple_state_provider"
                      },
                      "foliage_placer": {
                        "radius": {
                          "base": 2,
                          "spread": 1
                        },
                        "offset": 1,
                        "height": 2,
                        "type": "minecraft:fancy_foliage_placer"
                      },
                      "trunk_placer": {
                        "base_height": 11,
                        "height_rand_a": 3,
                        "height_rand_b": 3,
                        "type": "minecraft:forking_trunk_placer"
                      }
                    },
                    "type": "minecraft:tree"
                  }
                },
                "type": "minecraft:random_selector"
              }
            ]
          },
          "type": "minecraft:simple_random_selector"
        },
        "decorator": {
          "config": {
            "count": 32
          },
          "type": "minecraft:count"
        }
      },
      "type": "minecraft:decorated"
    },
    "decorator": {
      "config": {},
      "type": "minecraft:top_solid_heightmap"
    }
  },
  "type": "minecraft:decorated"
}