{
  "config": {
    "feature": {
      "config": {
        "feature": {
          "config": {
            "feature": {
              "config": {
                "target": {
                  "block": "minecraft:stripped_crimson_hyphae",
                  "predicate_type": "minecraft:block_match"
                },
                "state": {
                  "Properties": {
                    "level": "0"
                  },
                  "Name": "minecraft:water"
                },
                "size": 24
              },
              "type": "minecraft:ore"
            },
            "decorator": {
              "config": {
                "bottom_offset": 56,
                "top_offset": 0,
                "maximum": 6
              },
              "type": "minecraft:range"
            }
          },
          "type": "minecraft:decorated"
        },
        "decorator": {
          "config": {},
          "type": "minecraft:square"
        }
      },
      "type": "minecraft:decorated"
    },
    "decorator": {
      "config": {
        "outer": {
          "config": {
            "count": 128
          },
          "type": "minecraft:count"
        },
        "inner": {
          "config": {
            "count": 2
          },
          "type": "minecraft:count"
        }
      },
      "type": "minecraft:decorated"
    }
  },
  "type": "minecraft:decorated"
}