{
  "config": {
    "feature": {
      "config": {
        "feature": {
          "config": {
            "feature": {
              "config": {
                "target": {
                  "Name": "minecraft:void_air"
                },
                "state": {
                  "Properties": {
                    "axis": "y"
                  },
                  "Name": "minecraft:acacia_wood"
                },
                "radius": 48
              },
              "type": "minecraft:netherrack_replace_blobs"
            },
            "decorator": {
              "config": {},
              "type": "minecraft:heightmap"
            }
          },
          "type": "minecraft:decorated"
        },
        "decorator": {
          "config": {},
          "type": "minecraft:square"
        }
      },
      "type": "minecraft:decorated"
    },
    "decorator": {
      "config": {
        "outer": {
          "config": {
            "count": 128
          },
          "type": "minecraft:count"
        },
        "inner": {
          "config": {
            "count": 3
          },
          "type": "minecraft:count"
        }
      },
      "type": "minecraft:decorated"
    }
  },
  "type": "minecraft:decorated"
}