{
  "config": {
    "feature": {
      "config": {
        "feature": {
          "config": {
            "feature": {
              "config": {
                "features": [
                  {
                    "config": {
                      "max_water_depth": 5,
                      "ignore_vines": true,
                      "heightmap": "OCEAN_FLOOR_WG",
                      "minimum_size": {
                        "limit": 0,
                        "lower_size": 0,
                        "upper_size": 0,
                        "type": "minecraft:two_layers_feature_size"
                      },
                      "decorators": [
                        {
                          "type": "minecraft:leave_vine"
                        }
                      ],
                      "trunk_provider": {
                        "state": {
                          "Properties": {
                            "persistent": "false",
                            "distance": "1"
                          },
                          "Name": "minecraft:jungle_leaves"
                        },
                        "type": "minecraft:simple_state_provider"
                      },
                      "leaves_provider": {
                        "state": {
                          "Properties": {
                            "axis": "y"
                          },
                          "Name": "minecraft:jungle_wood"
                        },
                        "type": "minecraft:simple_state_provider"
                      },
                      "foliage_placer": {
                        "radius": 3,
                        "offset": 0,
                        "height": 4,
                        "type": "minecraft:fancy_foliage_placer"
                      },
                      "trunk_placer": {
                        "base_height": 2,
                        "height_rand_a": 0,
                        "height_rand_b": 0,
                        "type": "minecraft:straight_trunk_placer"
                      }
                    },
                    "type": "minecraft:tree"
                  },
                  {
                    "config": {
                      "feature": {
                        "config": {
                          "max_water_depth": 5,
                          "ignore_vines": true,
                          "heightmap": "OCEAN_FLOOR_WG",
                          "minimum_size": {
                            "limit": 0,
                            "lower_size": 0,
                            "upper_size": 0,
                            "type": "minecraft:two_layers_feature_size"
                          },
                          "decorators": [
                            {
                              "type": "minecraft:leave_vine"
                            }
                          ],
                          "trunk_provider": {
                            "state": {
                              "Properties": {
                                "persistent": "false",
                                "distance": "1"
                              },
                              "Name": "minecraft:jungle_leaves"
                            },
                            "type": "minecraft:simple_state_provider"
                          },
                          "leaves_provider": {
                            "state": {
                              "Properties": {
                                "axis": "y"
                              },
                              "Name": "minecraft:jungle_wood"
                            },
                            "type": "minecraft:simple_state_provider"
                          },
                          "foliage_placer": {
                            "radius": 1,
                            "offset": 0,
                            "height": 3,
                            "type": "minecraft:blob_foliage_placer"
                          },
                          "trunk_placer": {
                            "base_height": 1,
                            "height_rand_a": 14,
                            "height_rand_b": 0,
                            "type": "minecraft:straight_trunk_placer"
                          }
                        },
                        "type": "minecraft:tree"
                      },
                      "decorator": {
                        "config": {
                          "count": 8
                        },
                        "type": "minecraft:count"
                      }
                    },
                    "type": "minecraft:decorated"
                  },
                  {
                    "config": {
                      "max_water_depth": 5,
                      "ignore_vines": true,
                      "heightmap": "OCEAN_FLOOR_WG",
                      "minimum_size": {
                        "limit": 0,
                        "lower_size": 0,
                        "upper_size": 0,
                        "type": "minecraft:two_layers_feature_size"
                      },
                      "decorators": [
                        {
                          "type": "minecraft:leave_vine"
                        }
                      ],
                      "trunk_provider": {
                        "state": {
                          "Properties": {
                            "persistent": "false",
                            "distance": "1"
                          },
                          "Name": "minecraft:jungle_leaves"
                        },
                        "type": "minecraft:simple_state_provider"
                      },
                      "leaves_provider": {
                        "state": {
                          "Properties": {
                            "axis": "y"
                          },
                          "Name": "minecraft:jungle_wood"
                        },
                        "type": "minecraft:simple_state_provider"
                      },
                      "foliage_placer": {
                        "radius": 1,
                        "offset": 0,
                        "height": 8,
                        "type": "minecraft:fancy_foliage_placer"
                      },
                      "trunk_placer": {
                        "base_height": 10,
                        "height_rand_a": 7,
                        "height_rand_b": 7,
                        "type": "minecraft:straight_trunk_placer"
                      }
                    },
                    "type": "minecraft:tree"
                  },
                  {
                    "config": {
                      "feature": {
                        "config": {
                          "features": [
                            {
                              "config": {
                                "max_water_depth": 5,
                                "ignore_vines": true,
                                "heightmap": "MOTION_BLOCKING_NO_LEAVES",
                                "minimum_size": {
                                  "limit": 0,
                                  "lower_size": 0,
                                  "upper_size": 0,
                                  "type": "minecraft:two_layers_feature_size"
                                },
                                "decorators": [
                                  {
                                    "type": "minecraft:leave_vine"
                                  }
                                ],
                                "trunk_provider": {
                                  "state": {
                                    "Properties": {
                                      "axis": "y"
                                    },
                                    "Name": "minecraft:jungle_log"
                                  },
                                  "type": "minecraft:simple_state_provider"
                                },
                                "leaves_provider": {
                                  "state": {
                                    "Properties": {
                                      "persistent": "false",
                                      "distance": "1"
                                    },
                                    "Name": "minecraft:jungle_leaves"
                                  },
                                  "type": "minecraft:simple_state_provider"
                                },
                                "foliage_placer": {
                                  "radius": 3,
                                  "offset": 3,
                                  "height": 2,
                                  "type": "minecraft:fancy_foliage_placer"
                                },
                                "trunk_placer": {
                                  "base_height": 32,
                                  "height_rand_a": 2,
                                  "height_rand_b": 2,
                                  "type": "minecraft:fancy_trunk_placer"
                                }
                              },
                              "type": "minecraft:tree"
                            },
                            {
                              "config": {
                                "feature": {
                                  "config": {
                                    "feature": {
                                      "config": {
                                        "target": {
                                          "Properties": {
                                            "axis": "y"
                                          },
                                          "Name": "minecraft:jungle_wood"
                                        },
                                        "state": {
                                          "Properties": {
                                            "persistent": "false",
                                            "distance": "1"
                                          },
                                          "Name": "minecraft:jungle_leaves"
                                        },
                                        "radius": 0
                                      },
                                      "type": "minecraft:netherrack_replace_blobs"
                                    },
                                    "decorator": {
                                      "config": {
                                        "count": 16
                                      },
                                      "type": "minecraft:count"
                                    }
                                  },
                                  "type": "minecraft:decorated"
                                },
                                "decorator": {
                                  "config": {},
                                  "type": "minecraft:heightmap"
                                }
                              },
                              "type": "minecraft:decorated"
                            }
                          ]
                        },
                        "type": "minecraft:simple_random_selector"
                      },
                      "decorator": {
                        "config": {
                          "count": 12
                        },
                        "type": "minecraft:count"
                      }
                    },
                    "type": "minecraft:decorated"
                  }
                ]
              },
              "type": "minecraft:simple_random_selector"
            },
            "decorator": {
              "config": {
                "count": 64
              },
              "type": "minecraft:count"
            }
          },
          "type": "minecraft:decorated"
        },
        "decorator": {
          "config": {
            "outer": {
              "config": {},
              "type": "minecraft:square"
            },
            "inner": {
              "config": {},
              "type": "minecraft:iceberg"
            }
          },
          "type": "minecraft:decorated"
        }
      },
      "type": "minecraft:decorated"
    },
    "decorator": {
      "config": {
        "chance": 64
      },
      "type": "minecraft:chance"
    }
  },
  "type": "minecraft:decorated"
}