{
  "config": {
    "feature": {
      "config": {
        "feature": {
          "config": {
            "feature": {
              "config": {},
              "type": "minecraft:kelp"
            },
            "decorator": {
              "config": {},
              "type": "minecraft:top_solid_heightmap"
            }
          },
          "type": "minecraft:decorated"
        },
        "decorator": {
          "config": {},
          "type": "minecraft:square"
        }
      },
      "type": "minecraft:decorated"
    },
    "decorator": {
      "config": {
        "count": 8,
        "extra_chance": 0.25,
        "extra_count": 8
      },
      "type": "minecraft:count_extra"
    }
  },
  "type": "minecraft:decorated"
}