{
  "config": {
    "feature": {
      "config": {
        "feature": {
          "config": {
            "feature": {
              "config": {
                "features": [
                  {
                    "feature": {
                      "config": {
                        "feature": {
                          "config": {
                            "max_water_depth": 0,
                            "ignore_vines": false,
                            "heightmap": "OCEAN_FLOOR",
                            "minimum_size": {
                              "limit": 0,
                              "lower_size": 0,
                              "upper_size": 0,
                              "type": "minecraft:two_layers_feature_size"
                            },
                            "decorators": [
                              {
                                "type": "minecraft:leave_vine"
                              }
                            ],
                            "trunk_provider": {
                              "state": {
                                "Properties": {
                                  "axis": "y"
                                },
                                "Name": "minecraft:birch_log"
                              },
                              "type": "minecraft:simple_state_provider"
                            },
                            "leaves_provider": {
                              "state": {
                                "Properties": {
                                  "persistent": "false",
                                  "distance": "7"
                                },
                                "Name": "minecraft:birch_leaves"
                              },
                              "type": "minecraft:simple_state_provider"
                            },
                            "foliage_placer": {
                              "radius": 1,
                              "offset": 1,
                              "height": 3,
                              "type": "minecraft:fancy_foliage_placer"
                            },
                            "trunk_placer": {
                              "base_height": 2,
                              "height_rand_a": 1,
                              "height_rand_b": 0,
                              "type": "minecraft:straight_trunk_placer"
                            }
                          },
                          "type": "minecraft:tree"
                        },
                        "decorator": {
                          "config": {
                            "outer": {
                              "config": {},
                              "type": "minecraft:square"
                            },
                            "inner": {
                              "config": {},
                              "type": "minecraft:heightmap_world_surface"
                            }
                          },
                          "type": "minecraft:decorated"
                        }
                      },
                      "type": "minecraft:decorated"
                    },
                    "chance": 0.4
                  }
                ],
                "default": {
                  "config": {
                    "feature": {
                      "config": {
                        "max_water_depth": 0,
                        "ignore_vines": false,
                        "heightmap": "OCEAN_FLOOR",
                        "minimum_size": {
                          "limit": 0,
                          "lower_size": 0,
                          "upper_size": 0,
                          "type": "minecraft:two_layers_feature_size"
                        },
                        "decorators": [
                          {
                            "probability": 0.025,
                            "type": "minecraft:beehive"
                          }
                        ],
                        "trunk_provider": {
                          "state": {
                            "Properties": {
                              "axis": "y"
                            },
                            "Name": "minecraft:birch_log"
                          },
                          "type": "minecraft:simple_state_provider"
                        },
                        "leaves_provider": {
                          "state": {
                            "Properties": {
                              "persistent": "false",
                              "distance": "7"
                            },
                            "Name": "minecraft:birch_leaves"
                          },
                          "type": "minecraft:simple_state_provider"
                        },
                        "foliage_placer": {
                          "radius": 1,
                          "offset": 1,
                          "height": 3,
                          "type": "minecraft:fancy_foliage_placer"
                        },
                        "trunk_placer": {
                          "base_height": 2,
                          "height_rand_a": 1,
                          "height_rand_b": 0,
                          "type": "minecraft:straight_trunk_placer"
                        }
                      },
                      "type": "minecraft:tree"
                    },
                    "decorator": {
                      "config": {
                        "outer": {
                          "config": {},
                          "type": "minecraft:square"
                        },
                        "inner": {
                          "config": {},
                          "type": "minecraft:heightmap_world_surface"
                        }
                      },
                      "type": "minecraft:decorated"
                    }
                  },
                  "type": "minecraft:decorated"
                }
              },
              "type": "minecraft:random_selector"
            },
            "decorator": {
              "config": {
                "outer": {
                  "config": {},
                  "type": "minecraft:square"
                },
                "inner": {
                  "config": {},
                  "type": "minecraft:heightmap_world_surface"
                }
              },
              "type": "minecraft:decorated"
            }
          },
          "type": "minecraft:decorated"
        },
        "decorator": {
          "config": {
            "count": 6
          },
          "type": "minecraft:count"
        }
      },
      "type": "minecraft:decorated"
    },
    "decorator": {
      "config": {
        "noise_to_count_ratio": -1,
        "noise_factor": 7.0,
        "noise_offset": 0.6
      },
      "type": "minecraft:count_noise_biased"
    }
  },
  "type": "minecraft:decorated"
}