{
  "config": {
    "feature": {
      "config": {
        "feature": {
          "config": {
            "feature": {
              "config": {
                "can_replace": false,
                "project": false,
                "need_water": false,
                "xspread": 9,
                "yspread": 5,
                "zspread": 9,
                "whitelist": [],
                "blacklist": [],
                "tries": 32,
                "state_provider": {
                  "state": {
                    "Properties": {
                      "half": "lower"
                    },
                    "Name": "minecraft:tall_grass"
                  },
                  "type": "minecraft:simple_state_provider"
                },
                "block_placer": {
                  "type": "minecraft:double_plant_placer"
                }
              },
              "type": "minecraft:random_patch"
            },
            "decorator": {
              "config": {
                "outer": {
                  "config": {},
                  "type": "minecraft:square"
                },
                "inner": {
                  "config": {},
                  "type": "minecraft:heightmap_world_surface"
                }
              },
              "type": "minecraft:decorated"
            }
          },
          "type": "minecraft:decorated"
        },
        "decorator": {
          "config": {
            "count": 16
          },
          "type": "minecraft:count"
        }
      },
      "type": "minecraft:decorated"
    },
    "decorator": {
      "config": {
        "noise_to_count_ratio": -1,
        "noise_factor": 7.0,
        "noise_offset": 0.6
      },
      "type": "minecraft:count_noise_biased"
    }
  },
  "type": "minecraft:decorated"
}