{
  "config": {
    "feature": {
      "config": {
        "feature": {
          "config": {
            "can_replace": false,
            "project": false,
            "need_water": false,
            "xspread": 11,
            "yspread": 7,
            "zspread": 11,
            "whitelist": [
              {
                "Properties": {
                  "snowy": "false"
                },
                "Name": "minecraft:grass_block"
              }
            ],
            "blacklist": [],
            "tries": 8,
            "state_provider": {
              "entries": [
                {
                  "weight": 9,
                  "data": {
                    "Properties": {
                      "age": "3"
                    },
                    "Name": "minecraft:sweet_berry_bush"
                  }
                },
                {
                  "weight": 15,
                  "data": {
                    "Properties": {
                      "age": "2"
                    },
                    "Name": "minecraft:sweet_berry_bush"
                  }
                },
                {
                  "weight": 3,
                  "data": {
                    "Properties": {
                      "age": "1"
                    },
                    "Name": "minecraft:sweet_berry_bush"
                  }
                },
                {
                  "weight": 1,
                  "data": {
                    "Properties": {
                      "age": "0"
                    },
                    "Name": "minecraft:sweet_berry_bush"
                  }
                }
              ],
              "type": "minecraft:weighted_state_provider"
            },
            "block_placer": {
              "type": "minecraft:simple_block_placer"
            }
          },
          "type": "minecraft:random_patch"
        },
        "decorator": {
          "config": {
            "outer": {
              "config": {},
              "type": "minecraft:square"
            },
            "inner": {
              "config": {},
              "type": "minecraft:heightmap_spread_double"
            }
          },
          "type": "minecraft:decorated"
        }
      },
      "type": "minecraft:decorated"
    },
    "decorator": {
      "config": {
        "count": 96
      },
      "type": "minecraft:count"
    }
  },
  "type": "minecraft:decorated"
}