{
  "config": {
    "feature": {
      "config": {
        "feature": {
          "config": {
            "feature": {
              "config": {
                "can_replace": false,
                "project": false,
                "need_water": false,
                "xspread": 7,
                "yspread": 3,
                "zspread": 7,
                "whitelist": [],
                "blacklist": [],
                "tries": 16,
                "state_provider": {
                  "entries": [
                    {
                      "weight": 1,
                      "data": {
                        "Name": "minecraft:allium"
                      }
                    },
                    {
                      "weight": 5,
                      "data": {
                        "Name": "minecraft:azure_bluet"
                      }
                    },
                    {
                      "weight": 2,
                      "data": {
                        "Name": "minecraft:oxeye_daisy"
                      }
                    },
                    {
                      "weight": 2,
                      "data": {
                        "Name": "minecraft:lily_of_the_valley"
                      }
                    },
                    {
                      "weight": 4,
                      "data": {
                        "Name": "minecraft:poppy"
                      }
                    },
                    {
                      "weight": 2,
                      "data": {
                        "Name": "minecraft:dandelion"
                      }
                    }
                  ],
                  "type": "minecraft:weighted_state_provider"
                },
                "block_placer": {
                  "type": "minecraft:simple_block_placer"
                }
              },
              "type": "minecraft:flower"
            },
            "decorator": {
              "config": {
                "chance": 8
              },
              "type": "minecraft:chance"
            }
          },
          "type": "minecraft:decorated"
        },
        "decorator": {
          "config": {
            "outer": {
              "config": {},
              "type": "minecraft:square"
            },
            "inner": {
              "config": {},
              "type": "minecraft:heightmap"
            }
          },
          "type": "minecraft:decorated"
        }
      },
      "type": "minecraft:decorated"
    },
    "decorator": {
      "config": {
        "count": 8
      },
      "type": "minecraft:count"
    }
  },
  "type": "minecraft:decorated"
}