{
  "config": {
    "feature": {
      "config": {
        "feature": {
          "config": {
            "features": [
              {
                "feature": {
                  "config": {
                    "can_replace": false,
                    "project": false,
                    "need_water": false,
                    "xspread": 11,
                    "yspread": 7,
                    "zspread": 11,
                    "whitelist": [
                      {
                        "Properties": {
                          "snowy": "false"
                        },
                        "Name": "minecraft:grass_block"
                      }
                    ],
                    "blacklist": [],
                    "tries": 48,
                    "state_provider": {
                      "state": {
                        "Properties": {
                          "stage": "0"
                        },
                        "Name": "minecraft:dark_oak_sapling"
                      },
                      "type": "minecraft:simple_state_provider"
                    },
                    "block_placer": {
                      "type": "minecraft:simple_block_placer"
                    }
                  },
                  "type": "minecraft:random_patch"
                },
                "chance": 0.1
              }
            ],
            "default": {
              "config": {
                "can_replace": false,
                "project": false,
                "need_water": false,
                "xspread": 11,
                "yspread": 7,
                "zspread": 11,
                "whitelist": [
                  {
                    "Properties": {
                      "snowy": "false"
                    },
                    "Name": "minecraft:grass_block"
                  }
                ],
                "blacklist": [],
                "tries": 16,
                "state_provider": {
                  "state": {
                    "Properties": {
                      "stage": "0"
                    },
                    "Name": "minecraft:dark_oak_sapling"
                  },
                  "type": "minecraft:simple_state_provider"
                },
                "block_placer": {
                  "type": "minecraft:simple_block_placer"
                }
              },
              "type": "minecraft:random_patch"
            }
          },
          "type": "minecraft:random_selector"
        },
        "decorator": {
          "config": {
            "outer": {
              "config": {},
              "type": "minecraft:square"
            },
            "inner": {
              "config": {},
              "type": "minecraft:heightmap_spread_double"
            }
          },
          "type": "minecraft:decorated"
        }
      },
      "type": "minecraft:decorated"
    },
    "decorator": {
      "config": {
        "count": 12
      },
      "type": "minecraft:count"
    }
  },
  "type": "minecraft:decorated"
}