{
  "config": {
    "feature": {
      "config": {
        "features": [
          {
            "config": {
              "max_water_depth": 0,
              "ignore_vines": true,
              "heightmap": "OCEAN_FLOOR_WG",
              "minimum_size": {
                "limit": 1,
                "lower_size": 1,
                "upper_size": 1,
                "type": "minecraft:two_layers_feature_size"
              },
              "decorators": [],
              "trunk_provider": {
                "state": {
                  "Properties": {
                    "axis": "y"
                  },
                  "Name": "minecraft:spruce_log"
                },
                "type": "minecraft:simple_state_provider"
              },
              "leaves_provider": {
                "state": {
                  "Properties": {
                    "persistent": "false",
                    "distance": "1"
                  },
                  "Name": "minecraft:spruce_leaves"
                },
                "type": "minecraft:simple_state_provider"
              },
              "foliage_placer": {
                "radius": 0,
                "offset": 5,
                "height": 7,
                "type": "minecraft:fancy_foliage_placer"
              },
              "trunk_placer": {
                "base_height": 10,
                "height_rand_a": 2,
                "height_rand_b": 2,
                "type": "minecraft:straight_trunk_placer"
              }
            },
            "type": "minecraft:tree"
          },
          {
            "config": {
              "max_water_depth": 0,
              "ignore_vines": true,
              "heightmap": "OCEAN_FLOOR_WG",
              "minimum_size": {
                "limit": 1,
                "lower_size": 1,
                "upper_size": 1,
                "type": "minecraft:two_layers_feature_size"
              },
              "decorators": [],
              "trunk_provider": {
                "state": {
                  "Properties": {
                    "axis": "y"
                  },
                  "Name": "minecraft:spruce_log"
                },
                "type": "minecraft:simple_state_provider"
              },
              "leaves_provider": {
                "state": {
                  "Properties": {
                    "persistent": "false",
                    "distance": "1"
                  },
                  "Name": "minecraft:spruce_leaves"
                },
                "type": "minecraft:simple_state_provider"
              },
              "foliage_placer": {
                "radius": 1,
                "offset": 2,
                "height": 12,
                "type": "minecraft:fancy_foliage_placer"
              },
              "trunk_placer": {
                "base_height": 12,
                "height_rand_a": 1,
                "height_rand_b": 1,
                "type": "minecraft:straight_trunk_placer"
              }
            },
            "type": "minecraft:tree"
          },
          {
            "config": {
              "max_water_depth": 0,
              "ignore_vines": true,
              "heightmap": "OCEAN_FLOOR_WG",
              "minimum_size": {
                "limit": 1,
                "lower_size": 1,
                "upper_size": 1,
                "type": "minecraft:two_layers_feature_size"
              },
              "decorators": [],
              "trunk_provider": {
                "state": {
                  "Properties": {
                    "axis": "y"
                  },
                  "Name": "minecraft:spruce_log"
                },
                "type": "minecraft:simple_state_provider"
              },
              "leaves_provider": {
                "state": {
                  "Properties": {
                    "persistent": "false",
                    "distance": "1"
                  },
                  "Name": "minecraft:spruce_leaves"
                },
                "type": "minecraft:simple_state_provider"
              },
              "foliage_placer": {
                "radius": 2,
                "offset": 2,
                "height": 7,
                "type": "minecraft:fancy_foliage_placer"
              },
              "trunk_placer": {
                "base_height": 7,
                "height_rand_a": 1,
                "height_rand_b": 0,
                "type": "minecraft:straight_trunk_placer"
              }
            },
            "type": "minecraft:tree"
          },
          {
            "config": {
              "max_water_depth": 0,
              "ignore_vines": true,
              "heightmap": "OCEAN_FLOOR_WG",
              "minimum_size": {
                "limit": 1,
                "lower_size": 1,
                "upper_size": 1,
                "type": "minecraft:two_layers_feature_size"
              },
              "decorators": [],
              "trunk_provider": {
                "state": {
                  "Properties": {
                    "axis": "y"
                  },
                  "Name": "minecraft:spruce_log"
                },
                "type": "minecraft:simple_state_provider"
              },
              "leaves_provider": {
                "state": {
                  "Properties": {
                    "persistent": "false",
                    "distance": "1"
                  },
                  "Name": "minecraft:spruce_leaves"
                },
                "type": "minecraft:simple_state_provider"
              },
              "foliage_placer": {
                "radius": 0,
                "offset": 0,
                "height": 1,
                "type": "minecraft:jungle_foliage_placer"
              },
              "trunk_placer": {
                "base_height": 6,
                "height_rand_a": 1,
                "height_rand_b": 0,
                "type": "minecraft:straight_trunk_placer"
              }
            },
            "type": "minecraft:tree"
          },
          {
            "config": {
              "max_water_depth": 0,
              "ignore_vines": true,
              "heightmap": "OCEAN_FLOOR_WG",
              "minimum_size": {
                "limit": 1,
                "lower_size": 1,
                "upper_size": 1,
                "type": "minecraft:two_layers_feature_size"
              },
              "decorators": [],
              "trunk_provider": {
                "state": {
                  "Properties": {
                    "axis": "y"
                  },
                  "Name": "minecraft:spruce_log"
                },
                "type": "minecraft:simple_state_provider"
              },
              "leaves_provider": {
                "state": {
                  "Properties": {
                    "persistent": "false",
                    "distance": "1"
                  },
                  "Name": "minecraft:spruce_leaves"
                },
                "type": "minecraft:simple_state_provider"
              },
              "foliage_placer": {
                "radius": 2,
                "offset": 0,
                "height": 2,
                "type": "minecraft:blob_foliage_placer"
              },
              "trunk_placer": {
                "base_height": 8,
                "height_rand_a": 0,
                "height_rand_b": 0,
                "type": "minecraft:straight_trunk_placer"
              }
            },
            "type": "minecraft:tree"
          },
          {
            "config": {
              "feature": {
                "config": {
                  "max_water_depth": 0,
                  "ignore_vines": true,
                  "heightmap": "OCEAN_FLOOR_WG",
                  "minimum_size": {
                    "limit": 1,
                    "lower_size": 1,
                    "upper_size": 1,
                    "type": "minecraft:two_layers_feature_size"
                  },
                  "decorators": [],
                  "trunk_provider": {
                    "state": {
                      "Properties": {
                        "axis": "y"
                      },
                      "Name": "minecraft:spruce_log"
                    },
                    "type": "minecraft:simple_state_provider"
                  },
                  "leaves_provider": {
                    "state": {
                      "Properties": {
                        "persistent": "false",
                        "distance": "1"
                      },
                      "Name": "minecraft:spruce_leaves"
                    },
                    "type": "minecraft:simple_state_provider"
                  },
                  "foliage_placer": {
                    "radius": 0,
                    "offset": 1,
                    "height": 1,
                    "type": "minecraft:jungle_foliage_placer"
                  },
                  "trunk_placer": {
                    "base_height": 10,
                    "height_rand_a": 0,
                    "height_rand_b": 2,
                    "type": "minecraft:straight_trunk_placer"
                  }
                },
                "type": "minecraft:tree"
              },
              "decorator": {
                "config": {
                  "count": 4
                },
                "type": "minecraft:count"
              }
            },
            "type": "minecraft:decorated"
          },
          {
            "config": {
              "feature": {
                "config": {
                  "max_water_depth": 0,
                  "ignore_vines": true,
                  "heightmap": "OCEAN_FLOOR_WG",
                  "minimum_size": {
                    "limit": 1,
                    "lower_size": 1,
                    "upper_size": 1,
                    "type": "minecraft:two_layers_feature_size"
                  },
                  "decorators": [],
                  "trunk_provider": {
                    "state": {
                      "Properties": {
                        "axis": "y"
                      },
                      "Name": "minecraft:spruce_log"
                    },
                    "type": "minecraft:simple_state_provider"
                  },
                  "leaves_provider": {
                    "state": {
                      "Properties": {
                        "persistent": "false",
                        "distance": "1"
                      },
                      "Name": "minecraft:spruce_leaves"
                    },
                    "type": "minecraft:simple_state_provider"
                  },
                  "foliage_placer": {
                    "radius": 1,
                    "offset": 0,
                    "height": 2,
                    "type": "minecraft:blob_foliage_placer"
                  },
                  "trunk_placer": {
                    "base_height": 13,
                    "height_rand_a": 1,
                    "height_rand_b": 1,
                    "type": "minecraft:straight_trunk_placer"
                  }
                },
                "type": "minecraft:tree"
              },
              "decorator": {
                "config": {
                  "count": 3
                },
                "type": "minecraft:count"
              }
            },
            "type": "minecraft:decorated"
          }
        ]
      },
      "type": "minecraft:simple_random_selector"
    },
    "decorator": {
      "config": {
        "count": 64
      },
      "type": "minecraft:count"
    }
  },
  "type": "minecraft:decorated"
}