{
  "config": {
    "feature": {
      "config": {
        "feature": {
          "config": {
            "feature": {
              "config": {
                "features": [
                  {
                    "config": {
                      "can_replace": true,
                      "project": false,
                      "need_water": false,
                      "xspread": 0,
                      "yspread": 3,
                      "zspread": 1,
                      "whitelist": [],
                      "blacklist": [],
                      "tries": 10,
                      "state_provider": {
                        "state": {
                          "Name": "minecraft:stone"
                        },
                        "type": "minecraft:simple_state_provider"
                      },
                      "block_placer": {
                        "type": "minecraft:simple_block_placer"
                      }
                    },
                    "type": "minecraft:random_patch"
                  },
                  {
                    "config": {
                      "can_replace": true,
                      "project": false,
                      "need_water": false,
                      "xspread": 1,
                      "yspread": 3,
                      "zspread": 0,
                      "whitelist": [],
                      "blacklist": [],
                      "tries": 10,
                      "state_provider": {
                        "state": {
                          "Name": "minecraft:stone"
                        },
                        "type": "minecraft:simple_state_provider"
                      },
                      "block_placer": {
                        "type": "minecraft:simple_block_placer"
                      }
                    },
                    "type": "minecraft:random_patch"
                  },
                  {
                    "config": {
                      "can_replace": true,
                      "project": false,
                      "need_water": false,
                      "xspread": 1,
                      "yspread": 2,
                      "zspread": 1,
                      "whitelist": [],
                      "blacklist": [],
                      "tries": 100,
                      "state_provider": {
                        "state": {
                          "Name": "minecraft:stone"
                        },
                        "type": "minecraft:simple_state_provider"
                      },
                      "block_placer": {
                        "type": "minecraft:simple_block_placer"
                      }
                    },
                    "type": "minecraft:random_patch"
                  },
                  {
                    "config": {
                      "can_replace": true,
                      "project": false,
                      "need_water": false,
                      "xspread": 2,
                      "yspread": 1,
                      "zspread": 1,
                      "whitelist": [],
                      "blacklist": [],
                      "tries": 100,
                      "state_provider": {
                        "state": {
                          "Name": "minecraft:stone"
                        },
                        "type": "minecraft:simple_state_provider"
                      },
                      "block_placer": {
                        "type": "minecraft:simple_block_placer"
                      }
                    },
                    "type": "minecraft:random_patch"
                  },
                  {
                    "config": {
                      "can_replace": true,
                      "project": false,
                      "need_water": false,
                      "xspread": 1,
                      "yspread": 1,
                      "zspread": 2,
                      "whitelist": [],
                      "blacklist": [],
                      "tries": 100,
                      "state_provider": {
                        "state": {
                          "Name": "minecraft:stone"
                        },
                        "type": "minecraft:simple_state_provider"
                      },
                      "block_placer": {
                        "type": "minecraft:simple_block_placer"
                      }
                    },
                    "type": "minecraft:random_patch"
                  },
                  {
                    "config": {
                      "can_replace": true,
                      "project": false,
                      "need_water": false,
                      "xspread": 3,
                      "yspread": 0,
                      "zspread": 2,
                      "whitelist": [],
                      "blacklist": [],
                      "tries": 5,
                      "state_provider": {
                        "state": {
                          "Name": "minecraft:stone"
                        },
                        "type": "minecraft:simple_state_provider"
                      },
                      "block_placer": {
                        "type": "minecraft:simple_block_placer"
                      }
                    },
                    "type": "minecraft:random_patch"
                  },
                  {
                    "config": {
                      "can_replace": true,
                      "project": false,
                      "need_water": false,
                      "xspread": 2,
                      "yspread": 0,
                      "zspread": 3,
                      "whitelist": [],
                      "blacklist": [],
                      "tries": 5,
                      "state_provider": {
                        "state": {
                          "Name": "minecraft:stone"
                        },
                        "type": "minecraft:simple_state_provider"
                      },
                      "block_placer": {
                        "type": "minecraft:simple_block_placer"
                      }
                    },
                    "type": "minecraft:random_patch"
                  }
                ]
              },
              "type": "minecraft:simple_random_selector"
            },
            "decorator": {
              "config": {
                "count": 32
              },
              "type": "minecraft:count"
            }
          },
          "type": "minecraft:decorated"
        },
        "decorator": {
          "config": {
            "outer": {
              "config": {},
              "type": "minecraft:square"
            },
            "inner": {
              "config": {},
              "type": "minecraft:top_solid_heightmap"
            }
          },
          "type": "minecraft:decorated"
        }
      },
      "type": "minecraft:decorated"
    },
    "decorator": {
      "config": {
        "chance": 20
      },
      "type": "minecraft:chance"
    }
  },
  "type": "minecraft:decorated"
}