{
  "config": {
    "feature": {
      "config": {
        "feature": {
          "config": {
            "target": {
              "block": "minecraft:grass_block",
              "probability": 0.75,
              "predicate_type": "minecraft:random_block_match"
            },
            "state": {
              "Name": "minecraft:coarse_dirt"
            },
            "size": 14
          },
          "type": "minecraft:ore"
        },
        "decorator": {
          "config": {
            "outer": {
              "config": {},
              "type": "minecraft:square"
            },
            "inner": {
              "config": {},
              "type": "minecraft:top_solid_heightmap"
            }
          },
          "type": "minecraft:decorated"
        }
      },
      "type": "minecraft:decorated"
    },
    "decorator": {
      "config": {
        "noise_to_count_ratio": -7,
        "noise_factor": 240.0,
        "noise_offset": -1.5
      },
      "type": "minecraft:count_noise_biased"
    }
  },
  "type": "minecraft:decorated"
}