{
  "config": {
    "feature": {
      "config": {
        "feature": {
          "config": {
            "feature": {
              "config": {
                "can_replace": false,
                "project": false,
                "need_water": false,
                "xspread": 6,
                "yspread": 8,
                "zspread": 6,
                "whitelist": [],
                "blacklist": [],
                "tries": 40,
                "state_provider": {
                  "state": {
                    "Properties": {
                      "half": "lower"
                    },
                    "Name": "minecraft:sunflower"
                  },
                  "type": "minecraft:simple_state_provider"
                },
                "block_placer": {
                  "type": "minecraft:double_plant_placer"
                }
              },
              "type": "minecraft:random_patch"
            },
            "decorator": {
              "config": {
                "bottom_offset": 90,
                "top_offset": 0,
                "maximum": 40
              },
              "type": "minecraft:range"
            }
          },
          "type": "minecraft:decorated"
        },
        "decorator": {
          "config": {},
          "type": "minecraft:square"
        }
      },
      "type": "minecraft:decorated"
    },
    "decorator": {
      "config": {
        "count": 2
      },
      "type": "minecraft:count"
    }
  },
  "type": "minecraft:decorated"
}