{
  "config": {
    "feature": {
      "config": {
        "feature": {
          "config": {
            "feature": {
              "config": {
                "target": {
                  "Name": "minecraft:snow_block"
                },
                "state": {
                  "Properties": {
                    "snowy": "false"
                  },
                  "Name": "minecraft:grass_block"
                },
                "radius": 16
              },
              "type": "minecraft:netherrack_replace_blobs"
            },
            "decorator": {
              "config": {
                "bottom_offset": 74,
                "top_offset": 0,
                "maximum": 1
              },
              "type": "minecraft:range"
            }
          },
          "type": "minecraft:decorated"
        },
        "decorator": {
          "config": {},
          "type": "minecraft:square"
        }
      },
      "type": "minecraft:decorated"
    },
    "decorator": {
      "config": {
        "count": 128
      },
      "type": "minecraft:count"
    }
  },
  "type": "minecraft:decorated"
}