{
  "config": {
    "feature": {
      "config": {
        "feature": {
          "config": {
            "features": [
              {
                "feature": {
                  "config": {
                    "feature": {
                      "config": {
                        "max_water_depth": 0,
                        "ignore_vines": false,
                        "heightmap": "OCEAN_FLOOR_WG",
                        "minimum_size": {
                          "limit": 1,
                          "lower_size": 1,
                          "upper_size": 2,
                          "type": "minecraft:two_layers_feature_size"
                        },
                        "decorators": [],
                        "trunk_provider": {
                          "state": {
                            "Properties": {
                              "axis": "y"
                            },
                            "Name": "minecraft:spruce_log"
                          },
                          "type": "minecraft:simple_state_provider"
                        },
                        "leaves_provider": {
                          "state": {
                            "Properties": {
                              "persistent": "false",
                              "distance": "7"
                            },
                            "Name": "minecraft:oak_leaves"
                          },
                          "type": "minecraft:simple_state_provider"
                        },
                        "foliage_placer": {
                          "radius": 3,
                          "offset": 2,
                          "height": 2,
                          "type": "minecraft:blob_foliage_placer"
                        },
                        "trunk_placer": {
                          "base_height": 12,
                          "height_rand_a": 1,
                          "height_rand_b": 1,
                          "type": "minecraft:fancy_trunk_placer"
                        }
                      },
                      "type": "minecraft:tree"
                    },
                    "decorator": {
                      "config": {
                        "count": 3
                      },
                      "type": "minecraft:count"
                    }
                  },
                  "type": "minecraft:decorated"
                },
                "chance": 0.25
              }
            ],
            "default": {
              "config": {
                "max_water_depth": 0,
                "ignore_vines": false,
                "heightmap": "OCEAN_FLOOR",
                "minimum_size": {
                  "limit": 1,
                  "lower_size": 0,
                  "upper_size": 1,
                  "type": "minecraft:two_layers_feature_size"
                },
                "decorators": [],
                "trunk_provider": {
                  "state": {
                    "Properties": {
                      "axis": "y"
                    },
                    "Name": "minecraft:spruce_log"
                  },
                  "type": "minecraft:simple_state_provider"
                },
                "leaves_provider": {
                  "state": {
                    "Properties": {
                      "persistent": "false",
                      "distance": "7"
                    },
                    "Name": "minecraft:oak_leaves"
                  },
                  "type": "minecraft:simple_state_provider"
                },
                "foliage_placer": {
                  "radius": 2,
                  "offset": 2,
                  "height": 3,
                  "type": "minecraft:fancy_foliage_placer"
                },
                "trunk_placer": {
                  "base_height": 9,
                  "height_rand_a": 1,
                  "height_rand_b": 1,
                  "type": "minecraft:fancy_trunk_placer"
                }
              },
              "type": "minecraft:tree"
            }
          },
          "type": "minecraft:random_selector"
        },
        "decorator": {
          "config": {
            "outer": {
              "config": {},
              "type": "minecraft:square"
            },
            "inner": {
              "config": {},
              "type": "minecraft:heightmap"
            }
          },
          "type": "minecraft:decorated"
        }
      },
      "type": "minecraft:decorated"
    },
    "decorator": {
      "config": {
        "count": 3,
        "extra_chance": 0.1,
        "extra_count": 1
      },
      "type": "minecraft:count_extra"
    }
  },
  "type": "minecraft:decorated"
}