{
  "config": {
    "feature": {
      "config": {
        "feature": {
          "config": {
            "feature": {
              "config": {
                "features": [
                  {
                    "config": {
                      "target": {
                        "block": "minecraft:gravel",
                        "probability": 0.0325,
                        "predicate_type": "minecraft:random_block_match"
                      },
                      "state": {
                        "Name": "minecraft:blackstone"
                      },
                      "size": 32
                    },
                    "type": "minecraft:ore"
                  },
                  {
                    "config": {
                      "target": {
                        "block": "minecraft:gravel",
                        "probability": 0.0125,
                        "predicate_type": "minecraft:random_block_match"
                      },
                      "state": {
                        "Name": "minecraft:magma_block"
                      },
                      "size": 32
                    },
                    "type": "minecraft:ore"
                  }
                ]
              },
              "type": "minecraft:simple_random_selector"
            },
            "decorator": {
              "config": {
                "count": 48
              },
              "type": "minecraft:count"
            }
          },
          "type": "minecraft:decorated"
        },
        "decorator": {
          "config": {
            "outer": {
              "config": {},
              "type": "minecraft:square"
            },
            "inner": {
              "config": {},
              "type": "top_solid_heightmap"
            }
          },
          "type": "minecraft:decorated"
        }
      },
      "type": "minecraft:decorated"
    },
    "decorator": {
      "config": {
        "count": 0,
        "extra_chance": 0.75,
        "extra_count": 1
      },
      "type": "minecraft:count_extra"
    }
  },
  "type": "minecraft:decorated"
}