{
  "type": "minecraft:overworld",
  "generator": {
    "biome_source": {
      "humidity_noise": {
        "firstOctave": -6,
        "amplitudes": [
          1.0,
          1.0
        ]
      },
      "altitude_noise": {
        "firstOctave": -6,
        "amplitudes": [
          1.0,
          1.0
        ]
      },
      "weirdness_noise": {
        "firstOctave": -6,
        "amplitudes": [
          1.0,
          1.0
        ]
      },
      "seed": 0,
      "biomes": [
        {
          "parameters": {
            "altitude": 0.5,
            "weirdness": 0.6,
            "offset": 0.025,
            "temperature": 0.4,
            "humidity": -0.9
          },
          "biome": "mmb:aspen_hills"
        }
      ],
      "temperature_noise": {
        "firstOctave": -6,
        "amplitudes": [
          1.0,
          1.0
        ]
      },
      "type": "minecraft:multi_noise"
    },
    "seed": 0,
    "settings": "minecraft:overworld",
    "type": "minecraft:noise"
  }
}