{
  "config": {
    "feature": {
      "config": {
        "feature": {
          "config": {
            "feature": {
              "config": {
                "can_replace": false,
                "project": false,
                "need_water": false,
                "xspread": 4,
                "yspread": 2,
                "zspread": 4,
                "whitelist": [],
                "blacklist": [],
                "tries": 6,
                "state_provider": {
                  "entries": [
                    {
                      "weight": 4,
                      "data": {
                        "Name": "minecraft:dandelion"
                      }
                    },
                    {
                      "weight": 3,
                      "data": {
                        "Name": "minecraft:azure_bluet"
                      }
                    },
                    {
                      "weight": 2,
                      "data": {
                        "Name": "minecraft:poppy"
                      }
                    },
                    {
                      "weight": 3,
                      "data": {
                        "Name": "minecraft:lily_of_the_valley"
                      }
                    },
                    {
                      "weight": 1,
                      "data": {
                        "Name": "minecraft:white_tulip"
                      }
                    }
                  ],
                  "type": "minecraft:weighted_state_provider"
                },
                "block_placer": {
                  "type": "minecraft:simple_block_placer"
                }
              },
              "type": "minecraft:flower"
            },
            "decorator": {
              "config": {
                "outer": {
                  "config": {},
                  "type": "minecraft:square"
                },
                "inner": {
                  "config": {},
                  "type": "minecraft:heightmap"
                }
              },
              "type": "minecraft:decorated"
            }
          },
          "type": "minecraft:decorated"
        },
        "decorator": {
          "config": {
            "chance": 45
          },
          "type": "minecraft:chance"
        }
      },
      "type": "minecraft:decorated"
    },
    "decorator": {
      "config": {
        "noise_to_count_ratio": 30,
        "noise_factor": 160.0,
        "noise_offset": 1.0
      },
      "type": "minecraft:count_noise_biased"
    }
  },
  "type": "minecraft:decorated"
}