{
  "config": {
    "feature": {
      "config": {
        "feature": {
          "config": {
            "feature": {
              "config": {
                "can_replace": false,
                "project": false,
                "need_water": false,
                "xspread": 7,
                "yspread": 5,
                "zspread": 7,
                "whitelist": [],
                "blacklist": [],
                "tries": 24,
                "state_provider": {
                  "entries": [
                    {
                      "weight": 5,
                      "data": {
                        "Name": "minecraft:allium"
                      }
                    },
                    {
                      "weight": 3,
                      "data": {
                        "Name": "minecraft:lily_of_the_valley"
                      }
                    },
                    {
                      "weight": 1,
                      "data": {
                        "Name": "minecraft:cornflower"
                      }
                    }
                  ],
                  "type": "minecraft:weighted_state_provider"
                },
                "block_placer": {
                  "type": "minecraft:simple_block_placer"
                }
              },
              "type": "minecraft:no_bonemeal_flower"
            },
            "decorator": {
              "config": {
                "noise_to_count_ratio": -1,
                "noise_factor": 560.0,
                "noise_offset": 0.125
              },
              "type": "minecraft:count_noise_biased"
            }
          },
          "type": "minecraft:decorated"
        },
        "decorator": {
          "config": {
            "outer": {
              "config": {},
              "type": "minecraft:square"
            },
            "inner": {
              "config": {},
              "type": "minecraft:top_solid_heightmap"
            }
          },
          "type": "minecraft:decorated"
        }
      },
      "type": "minecraft:decorated"
    },
    "decorator": {
      "config": {
        "count": 0,
        "extra_chance": 0.25,
        "extra_count": 1
      },
      "type": "minecraft:count_extra"
    }
  },
  "type": "minecraft:decorated"
}