{
  "config": {
    "feature": {
      "config": {
        "feature": {
          "config": {
            "target": {
              "tag": "mmb:grass_dirt",
              "predicate_type": "minecraft:tag_match"
            },
            "state": {
              "Name": "minecraft:sand"
            },
            "size": 64
          },
          "type": "minecraft:ore"
        },
        "decorator": {
          "config": {
            "outer": {
              "config": {},
              "type": "minecraft:square"
            },
            "inner": {
              "config": {},
              "type": "minecraft:top_solid_heightmap"
            }
          },
          "type": "minecraft:decorated"
        }
      },
      "type": "minecraft:decorated"
    },
    "decorator": {
      "config": {
        "chance": 32
      },
      "type": "minecraft:chance"
    }
  },
  "type": "minecraft:decorated"
}