{
  "config": {
    "feature": {
      "config": {
        "feature": {
          "config": {
            "feature": {
              "config": {
                "can_replace": false,
                "project": false,
                "need_water": false,
                "xspread": 9,
                "yspread": 3,
                "zspread": 9,
                "whitelist": [],
                "blacklist": [],
                "tries": 8,
                "state_provider": {
                  "entries": [
                    {
                      "weight": 1,
                      "data": {
                        "Properties": {
                          "half": "lower"
                        },
                        "Name": "minecraft:lilac"
                      }
                    },
                    {
                      "weight": 1,
                      "data": {
                        "Properties": {
                          "half": "lower"
                        },
                        "Name": "minecraft:rose_bush"
                      }
                    },
                    {
                      "weight": 1,
                      "data": {
                        "Properties": {
                          "half": "lower"
                        },
                        "Name": "minecraft:peony"
                      }
                    },
                    {
                      "weight": 1,
                      "data": {
                        "Properties": {
                          "half": "lower"
                        },
                        "Name": "minecraft:sunflower"
                      }
                    }
                  ],
                  "type": "minecraft:weighted_state_provider"
                },
                "block_placer": {
                  "type": "minecraft:double_plant_placer"
                }
              },
              "type": "minecraft:random_patch"
            },
            "decorator": {
              "config": {},
              "type": "minecraft:spread_32_above"
            }
          },
          "type": "minecraft:decorated"
        },
        "decorator": {
          "config": {
            "outer": {
              "config": {},
              "type": "minecraft:square"
            },
            "inner": {
              "config": {},
              "type": "minecraft:heightmap"
            }
          },
          "type": "minecraft:decorated"
        }
      },
      "type": "minecraft:decorated"
    },
    "decorator": {
      "config": {
        "count": 32
      },
      "type": "minecraft:count"
    }
  },
  "type": "minecraft:decorated"
}