{
  "config": {
    "feature": {
      "config": {
        "feature": {
          "config": {
            "feature": {
              "config": {
                "features": [
                  {
                    "feature": {
                      "config": {
                        "target": {
                          "block": "minecraft:gravel",
                          "predicate_type": "minecraft:block_match"
                        },
                        "state": {
                          "Name": "minecraft:sand"
                        },
                        "size": 16
                      },
                      "type": "minecraft:ore"
                    },
                    "chance": 0.5
                  }
                ],
                "default": {
                  "config": {
                    "can_replace": false,
                    "project": true,
                    "need_water": false,
                    "xspread": 5,
                    "yspread": 3,
                    "zspread": 5,
                    "whitelist": [],
                    "blacklist": [],
                    "tries": 20,
                    "state_provider": {
                      "state": {
                        "Properties": {
                          "age": "0"
                        },
                        "Name": "minecraft:cactus"
                      },
                      "type": "minecraft:simple_state_provider"
                    },
                    "block_placer": {
                      "min_size": 2,
                      "extra_size": 2,
                      "type": "minecraft:column_placer"
                    }
                  },
                  "type": "minecraft:random_patch"
                }
              },
              "type": "minecraft:random_selector"
            },
            "decorator": {
              "config": {
                "count": 16
              },
              "type": "minecraft:count"
            }
          },
          "type": "minecraft:decorated"
        },
        "decorator": {
          "config": {
            "outer": {
              "config": {},
              "type": "minecraft:square"
            },
            "inner": {
              "config": {},
              "type": "minecraft:heightmap_world_surface"
            }
          },
          "type": "minecraft:decorated"
        }
      },
      "type": "minecraft:decorated"
    },
    "decorator": {
      "config": {
        "count": 0,
        "extra_chance": 0.075,
        "extra_count": 1
      },
      "type": "minecraft:count_extra"
    }
  },
  "type": "minecraft:decorated"
}