{
  "config": {
    "feature": {
      "config": {
        "feature": {
          "config": {
            "can_replace": false,
            "project": false,
            "need_water": false,
            "xspread": 5,
            "yspread": 3,
            "zspread": 5,
            "whitelist": [],
            "blacklist": [],
            "tries": 3,
            "state_provider": {
              "entries": [
                {
                  "weight": 4,
                  "data": {
                    "Name": "minecraft:grass"
                  }
                },
                {
                  "weight": 1,
                  "data": {
                    "Name": "minecraft:fern"
                  }
                }
              ],
              "type": "minecraft:weighted_state_provider"
            },
            "block_placer": {
              "type": "minecraft:simple_block_placer"
            }
          },
          "type": "minecraft:random_patch"
        },
        "decorator": {
          "config": {
            "outer": {
              "config": {},
              "type": "minecraft:square"
            },
            "inner": {
              "config": {},
              "type": "minecraft:heightmap"
            }
          },
          "type": "minecraft:decorated"
        }
      },
      "type": "minecraft:decorated"
    },
    "decorator": {
      "config": {
        "count": 32
      },
      "type": "minecraft:count"
    }
  },
  "type": "minecraft:decorated"
}