{
  "config": {
    "feature": {
      "config": {
        "feature": {
          "config": {
            "feature": {
              "config": {
                "rock_count": 4,
                "hole_count": 0,
                "valid_blocks": [
                  "minecraft:grass_block",
                  "minecraft:air"
                ],
                "state": {
                  "Properties": {
                    "falling": "true"
                  },
                  "Name": "minecraft:water"
                },
                "requires_block_below": false
              },
              "type": "minecraft:spring_feature"
            },
            "decorator": {
              "config": {
                "bottom_offset": 60,
                "top_offset": 0,
                "maximum": 28
              },
              "type": "minecraft:range"
            }
          },
          "type": "minecraft:decorated"
        },
        "decorator": {
          "config": {},
          "type": "minecraft:square"
        }
      },
      "type": "minecraft:decorated"
    },
    "decorator": {
      "config": {
        "outer": {
          "config": {
            "count": 128
          },
          "type": "minecraft:count"
        },
        "inner": {
          "config": {
            "count": 4
          },
          "type": "minecraft:count"
        }
      },
      "type": "minecraft:decorated"
    }
  },
  "type": "minecraft:decorated"
}