{
  "config": {
    "feature": {
      "config": {
        "features": [
          {
            "config": {
              "can_replace": true,
              "project": false,
              "need_water": false,
              "xspread": 0,
              "yspread": 48,
              "zspread": 0,
              "whitelist": [],
              "blacklist": [
                {
                  "Name": "minecraft:air"
                },
                {
                  "Properties": {
                    "level": "0"
                  },
                  "Name": "minecraft:water"
                }
              ],
              "tries": 50,
              "state_provider": {
                "state": {
                  "Name": "minecraft:stone"
                },
                "type": "minecraft:simple_state_provider"
              },
              "block_placer": {
                "min_size": 6,
                "extra_size": 3,
                "type": "minecraft:column_placer"
              }
            },
            "type": "minecraft:random_patch"
          },
          {
            "config": {
              "can_replace": true,
              "project": false,
              "need_water": false,
              "xspread": 1,
              "yspread": 46,
              "zspread": 1,
              "whitelist": [],
              "blacklist": [
                {
                  "Name": "minecraft:air"
                },
                {
                  "Properties": {
                    "level": "0"
                  },
                  "Name": "minecraft:water"
                }
              ],
              "tries": 280,
              "state_provider": {
                "state": {
                  "Name": "minecraft:stone"
                },
                "type": "minecraft:simple_state_provider"
              },
              "block_placer": {
                "min_size": 3,
                "extra_size": 3,
                "type": "minecraft:column_placer"
              }
            },
            "type": "minecraft:random_patch"
          },
          {
            "config": {
              "can_replace": true,
              "project": false,
              "need_water": false,
              "xspread": 2,
              "yspread": 38,
              "zspread": 1,
              "whitelist": [],
              "blacklist": [
                {
                  "Name": "minecraft:air"
                },
                {
                  "Properties": {
                    "level": "0"
                  },
                  "Name": "minecraft:water"
                }
              ],
              "tries": 380,
              "state_provider": {
                "state": {
                  "Name": "minecraft:stone"
                },
                "type": "minecraft:simple_state_provider"
              },
              "block_placer": {
                "min_size": 3,
                "extra_size": 3,
                "type": "minecraft:column_placer"
              }
            },
            "type": "minecraft:random_patch"
          },
          {
            "config": {
              "can_replace": true,
              "project": false,
              "need_water": false,
              "xspread": 1,
              "yspread": 38,
              "zspread": 2,
              "whitelist": [],
              "blacklist": [
                {
                  "Name": "minecraft:air"
                },
                {
                  "Properties": {
                    "level": "0"
                  },
                  "Name": "minecraft:water"
                }
              ],
              "tries": 380,
              "state_provider": {
                "state": {
                  "Name": "minecraft:stone"
                },
                "type": "minecraft:simple_state_provider"
              },
              "block_placer": {
                "min_size": 3,
                "extra_size": 3,
                "type": "minecraft:column_placer"
              }
            },
            "type": "minecraft:random_patch"
          },
          {
            "config": {
              "can_replace": true,
              "project": false,
              "need_water": false,
              "xspread": 2,
              "yspread": 32,
              "zspread": 2,
              "whitelist": [],
              "blacklist": [
                {
                  "Name": "minecraft:air"
                },
                {
                  "Properties": {
                    "level": "0"
                  },
                  "Name": "minecraft:water"
                }
              ],
              "tries": 380,
              "state_provider": {
                "state": {
                  "Name": "minecraft:stone"
                },
                "type": "minecraft:simple_state_provider"
              },
              "block_placer": {
                "min_size": 6,
                "extra_size": 3,
                "type": "minecraft:column_placer"
              }
            },
            "type": "minecraft:random_patch"
          },
          {
            "config": {
              "can_replace": true,
              "project": false,
              "need_water": false,
              "xspread": 1,
              "yspread": 24,
              "zspread": 3,
              "whitelist": [],
              "blacklist": [
                {
                  "Name": "minecraft:air"
                },
                {
                  "Properties": {
                    "level": "0"
                  },
                  "Name": "minecraft:water"
                }
              ],
              "tries": 320,
              "state_provider": {
                "state": {
                  "Name": "minecraft:stone"
                },
                "type": "minecraft:simple_state_provider"
              },
              "block_placer": {
                "min_size": 3,
                "extra_size": 3,
                "type": "minecraft:column_placer"
              }
            },
            "type": "minecraft:random_patch"
          },
          {
            "config": {
              "can_replace": true,
              "project": false,
              "need_water": false,
              "xspread": 3,
              "yspread": 24,
              "zspread": 1,
              "whitelist": [],
              "blacklist": [
                {
                  "Name": "minecraft:air"
                },
                {
                  "Properties": {
                    "level": "0"
                  },
                  "Name": "minecraft:water"
                }
              ],
              "tries": 320,
              "state_provider": {
                "state": {
                  "Name": "minecraft:stone"
                },
                "type": "minecraft:simple_state_provider"
              },
              "block_placer": {
                "min_size": 3,
                "extra_size": 3,
                "type": "minecraft:column_placer"
              }
            },
            "type": "minecraft:random_patch"
          },
          {
            "config": {
              "can_replace": true,
              "project": false,
              "need_water": false,
              "xspread": 3,
              "yspread": 14,
              "zspread": 3,
              "whitelist": [],
              "blacklist": [
                {
                  "Name": "minecraft:air"
                },
                {
                  "Properties": {
                    "level": "0"
                  },
                  "Name": "minecraft:water"
                }
              ],
              "tries": 320,
              "state_provider": {
                "state": {
                  "Name": "minecraft:stone"
                },
                "type": "minecraft:simple_state_provider"
              },
              "block_placer": {
                "min_size": 3,
                "extra_size": 3,
                "type": "minecraft:column_placer"
              }
            },
            "type": "minecraft:random_patch"
          },
          {
            "config": {
              "can_replace": true,
              "project": false,
              "need_water": false,
              "xspread": 4,
              "yspread": 3,
              "zspread": 2,
              "whitelist": [],
              "blacklist": [
                {
                  "Name": "minecraft:air"
                },
                {
                  "Properties": {
                    "level": "0"
                  },
                  "Name": "minecraft:water"
                }
              ],
              "tries": 280,
              "state_provider": {
                "state": {
                  "Name": "minecraft:stone"
                },
                "type": "minecraft:simple_state_provider"
              },
              "block_placer": {
                "min_size": 6,
                "extra_size": 6,
                "type": "minecraft:column_placer"
              }
            },
            "type": "minecraft:random_patch"
          },
          {
            "config": {
              "can_replace": true,
              "project": false,
              "need_water": false,
              "xspread": 2,
              "yspread": 2,
              "zspread": 4,
              "whitelist": [],
              "blacklist": [
                {
                  "Name": "minecraft:air"
                },
                {
                  "Properties": {
                    "level": "0"
                  },
                  "Name": "minecraft:water"
                }
              ],
              "tries": 280,
              "state_provider": {
                "state": {
                  "Name": "minecraft:stone"
                },
                "type": "minecraft:simple_state_provider"
              },
              "block_placer": {
                "min_size": 6,
                "extra_size": 6,
                "type": "minecraft:column_placer"
              }
            },
            "type": "minecraft:random_patch"
          }
        ]
      },
      "type": "minecraft:simple_random_selector"
    },
    "decorator": {
      "config": {
        "count": 100
      },
      "type": "minecraft:count"
    }
  },
  "type": "minecraft:decorated"
}