{
  "scale": 0.05,
  "effects": {
    "mood_sound": {
      "sound": "minecraft:ambient.cave",
      "tick_delay": 6000,
      "block_search_extent": 8,
      "offset": 2.0
    },
    "sky_color": 6861055,
    "fog_color": 12638463,
    "foliage_color": 4767784,
    "water_color": 5294312,
    "water_fog_color": 270131
  },
  "surface_builder": "mmb:shallow_grass",
  "carvers": {
    "air": [
      "minecraft:cave",
      "minecraft:canyon"
    ]
  },
  "features": [
    [],
    [
      "mmb:lake_water_more",
      "minecraft:lake_lava"
    ],
    [],
    [
      "minecraft:monster_room"
    ],
    [],
    [
      "mmb:jungle_cliffs/cliffs",
      "mmb:grassland_hills/surface_magenta",
      "mmb:jungle_cliffs/grass_on_crimson",
      "mmb:jungle_cliffs/cliff_bushes",
      "mmb:jungle_cliffs/crimson_to_stone",
      "mmb:jungle_cliffs/grass_on_warped",
      "mmb:jungle_cliffs/springs_0",
      "mmb:jungle_cliffs/springs_1",
      "mmb:jungle_cliffs/warped_to_stone",
      "mmb:jungle_cliffs/cliff_trees",
      "mmb:grassland_hills/magenta_0"
    ],
    [
      "mmb:ore_dirt_70",
      "mmb:ore_gravel_63",
      "mmb:ore_granite_63",
      "mmb:ore_diorite_63",
      "mmb:ore_andesite_63",
      "minecraft:ore_coal",
      "minecraft:ore_iron",
      "minecraft:ore_gold",
      "minecraft:ore_redstone",
      "minecraft:ore_diamond",
      "minecraft:ore_lapis",
      "minecraft:disk_sand",
      "minecraft:disk_clay",
      "minecraft:disk_gravel"
    ],
    [
      "mmb:jungle_cliffs/ground_sand"
    ],
    [
      "mmb:jungle_cliffs/grass",
      "mmb:jungle_cliffs/ground_trees",
      "mmb:jungle_cliffs/flowers",
      "minecraft:brown_mushroom_normal",
      "minecraft:red_mushroom_normal",
      "minecraft:patch_sugar_cane",
      "minecraft:patch_pumpkin",
      "mmb:spring_water_64",
      "mmb:spring_lava_64"
    ],
    [
      "minecraft:freeze_top_layer"
    ]
  ],
  "starts": [
    "minecraft:stronghold",
    "minecraft:ruined_portal"
  ],
  "spawners": {
    "monster": [
      {
        "type": "minecraft:spider",
        "weight": 100,
        "minCount": 4,
        "maxCount": 4
      },
      {
        "type": "minecraft:zombie",
        "weight": 95,
        "minCount": 4,
        "maxCount": 4
      },
      {
        "type": "minecraft:zombie_villager",
        "weight": 5,
        "minCount": 1,
        "maxCount": 1
      },
      {
        "type": "minecraft:skeleton",
        "weight": 100,
        "minCount": 4,
        "maxCount": 4
      },
      {
        "type": "minecraft:creeper",
        "weight": 200,
        "minCount": 4,
        "maxCount": 4
      },
      {
        "type": "minecraft:slime",
        "weight": 100,
        "minCount": 4,
        "maxCount": 4
      },
      {
        "type": "minecraft:enderman",
        "weight": 10,
        "minCount": 1,
        "maxCount": 4
      },
      {
        "type": "minecraft:witch",
        "weight": 5,
        "minCount": 1,
        "maxCount": 1
      },
      {
        "type": "minecraft:ocelot",
        "weight": 10,
        "minCount": 1,
        "maxCount": 3
      }
    ],
    "creature": [
      {
        "type": "minecraft:pig",
        "weight": 12,
        "minCount": 4,
        "maxCount": 4
      },
      {
        "type": "minecraft:chicken",
        "weight": 8,
        "minCount": 4,
        "maxCount": 4
      },
      {
        "type": "minecraft:parrot",
        "weight": 20,
        "minCount": 1,
        "maxCount": 2
      },
      {
        "type": "minecraft:panda",
        "weight": 10,
        "minCount": 2,
        "maxCount": 3
      }
    ],
    "ambient": [
      {
        "type": "minecraft:bat",
        "weight": 10,
        "minCount": 8,
        "maxCount": 8
      }
    ],
    "water_creature": [],
    "water_ambient": [],
    "misc": []
  },
  "spawn_costs": {},
  "player_spawn_friendly": false,
  "precipitation": "rain",
  "temperature": 0.85,
  "downfall": 1.5,
  "category": "jungle",
  "depth": 0.4
}