{
  "effects": {
    "mood_sound": {
      "sound": "minecraft:ambient.cave",
      "tick_delay": 6000,
      "block_search_extent": 8,
      "offset": 2.0
    },
    "grass_color_modifier": "swamp",
    "sky_color": 7379184,
    "fog_color": 12638463,
    "foliage_color": 6332488,
    "water_color": 4221152,
    "water_fog_color": 528448
  },
  "surface_builder": "mmb:podzol",
  "carvers": {
    "air": [
      "minecraft:cave",
      "minecraft:canyon"
    ],
    "liquid": []
  },
  "features": [
    [
      "mmb:primeval_forest/coarse_small",
      "mmb:primeval_forest/coarse_large"
    ],
    [
      "mmb:lake_water_rare",
      "mmb:lake_lava_rare"
    ],
    [],
    [
      "minecraft:monster_room"
    ],
    [],
    [],
    [
      "mmb:ore_dirt_70",
      "mmb:ore_gravel_63",
      "mmb:ore_granite_63",
      "mmb:ore_diorite_63",
      "mmb:ore_andesite_63",
      "minecraft:ore_coal",
      "minecraft:ore_iron",
      "minecraft:ore_gold",
      "minecraft:ore_redstone",
      "minecraft:ore_diamond",
      "minecraft:ore_lapis",
      "minecraft:disk_clay",
      "minecraft:disk_gravel"
    ],
    [
      "mmb:primeval_forest/trees_center",
      "mmb:primeval_forest/logs",
      "mmb:primeval_forest/trees_generic",
      "mmb:primeval_forest/sapling",
      "mmb:primeval_forest/berries",
      "mmb:primeval_forest/sand_to_grass",
      "mmb:primeval_forest/grass",
      "mmb:primeval_forest/tall_grass",
      "mmb:primeval_forest/flowers_common",
      "mmb:primeval_forest/gravel_to_mycelium",
      "mmb:primeval_forest/mycelium_shrooms",
      "mmb:primeval_forest/ferns",
      "mmb:primeval_forest/tall_ferns",
      "mmb:primeval_forest/dark_oak_leaves",
      "mmb:primeval_forest/spruce_leaves"
    ],
    [
      "mmb:primeval_forest/normal_shrooms",
      "mmb:primeval_forest/flowers_rare",
      "minecraft:brown_mushroom_normal",
      "minecraft:red_mushroom_normal",
      "minecraft:spring_water",
      "minecraft:spring_lava"
    ],
    [
      "minecraft:freeze_top_layer"
    ]
  ],
  "starts": [
    "minecraft:mineshaft",
    "minecraft:stronghold",
    "minecraft:ruined_portal"
  ],
  "spawners": {
    "monster": [
      {
        "type": "minecraft:spider",
        "weight": 100,
        "minCount": 4,
        "maxCount": 4
      },
      {
        "type": "minecraft:zombie",
        "weight": 95,
        "minCount": 4,
        "maxCount": 4
      },
      {
        "type": "minecraft:zombie_villager",
        "weight": 5,
        "minCount": 1,
        "maxCount": 1
      },
      {
        "type": "minecraft:skeleton",
        "weight": 100,
        "minCount": 4,
        "maxCount": 4
      },
      {
        "type": "minecraft:creeper",
        "weight": 100,
        "minCount": 4,
        "maxCount": 4
      },
      {
        "type": "minecraft:slime",
        "weight": 100,
        "minCount": 4,
        "maxCount": 4
      },
      {
        "type": "minecraft:enderman",
        "weight": 10,
        "minCount": 1,
        "maxCount": 4
      },
      {
        "type": "minecraft:witch",
        "weight": 5,
        "minCount": 1,
        "maxCount": 1
      }
    ],
    "creature": [
      {
        "type": "minecraft:pig",
        "weight": 8,
        "minCount": 4,
        "maxCount": 4
      },
      {
        "type": "minecraft:chicken",
        "weight": 4,
        "minCount": 4,
        "maxCount": 4
      },
      {
        "type": "minecraft:cow",
        "weight": 2,
        "minCount": 4,
        "maxCount": 4
      },
      {
        "type": "minecraft:wolf",
        "weight": 6,
        "minCount": 4,
        "maxCount": 4
      },
      {
        "type": "minecraft:fox",
        "weight": 4,
        "minCount": 4,
        "maxCount": 4
      },
      {
        "type": "minecraft:mooshroom",
        "weight": 12,
        "minCount": 4,
        "maxCount": 4
      }
    ],
    "ambient": [
      {
        "type": "minecraft:bat",
        "weight": 10,
        "minCount": 8,
        "maxCount": 8
      }
    ],
    "water_creature": [],
    "water_ambient": [],
    "misc": []
  },
  "spawn_costs": {},
  "player_spawn_friendly": false,
  "precipitation": "rain",
  "temperature": 0.4,
  "downfall": 0.7,
  "category": "forest",
  "depth": 0.3,
  "scale": 0.075
}